learner_id,day,concept_id,mastery
L001,10,F1,0.28849478
L001,10,F2,0.43519637
L001,10,F3,0.41381206
L001,10,F4,0.30739608
L001,10,F5,0.41885606
L001,10,F6,0.30847034
L001,10,F7,0.31701903
L001,10,F8,0.2433592
L001,20,F1,0.4626104
L001,20,F2,0.39927407
L001,20,F3,0.38665957
L001,20,F4,0.44061173
L001,20,F5,0.51669957
L001,20,F6,0.6570084
L001,20,F7,0.43015481
L001,20,F8,0.32530676
L002,10,F1,0.24573827
L002,10,F2,0.28728684
L002,10,F3,0.36512264
L002,10,F4,0.37249173
L002,10,F5,0.46486803
L002,10,F6,0.41951243
L002,10,F7,0.24594115
L002,10,F8,0.45472741
L002,20,F1,0.5759313
L002,20,F2,0.34802053
L002,20,F3,0.37412588
L002,20,F4,0.49865242
L002,20,F5,0.56380117
L002,20,F6,0.51277397
L002,20,F7,0.54273495
L002,20,F8,0.45088827
L003,10,F1,0.30024734
L003,10,F2,0.51624683
L003,10,F3,0.36530882
L003,10,F4,0.38009722
L003,10,F5,0.24779792
L003,10,F6,0.2756849
L003,10,F7,0.25294375
L003,10,F8,0.4792425
L003,20,F1,0.3317135
L003,20,F2,0.60342939
L003,20,F3,0.38029433
L003,20,F4,0.39439623
L003,20,F5,0.48604505
L003,20,F6,0.34149986
L003,20,F7,0.32202293
L003,20,F8,0.65516127
L004,10,F1,0.4149032
L004,10,F2,0.28571746
L004,10,F3,0.57907814
L004,10,F4,0.47379187
L004,10,F5,0.43133944
L004,10,F6,0.41691775
L004,10,F7,0.47361194
L004,10,F8,0.35862257
L004,20,F1,0.45905991
L004,20,F2,0.48655667
L004,20,F3,0.51952011
L004,20,F4,0.54019822
L004,20,F5,0.5123447
L004,20,F6,0.62785794
L004,20,F7,0.57335088
L004,20,F8,0.59696832
L005,10,F1,0.36196821
L005,10,F2,0.43554886
L005,10,F3,0.26780043
L005,10,F4,0.33868522
L005,10,F5,0.25010073
L005,10,F6,0.37869817
L005,10,F7,0.40292955
L005,10,F8,0.27056877
L005,20,F1,0.38265093
L005,20,F2,0.4443266
L005,20,F3,0.67121021
L005,20,F4,0.39903106
L005,20,F5,0.58968532
L005,20,F6,0.40162884
L005,20,F7,0.41815213
L005,20,F8,0.45462395
L006,10,F1,0.3621306
L006,10,F2,0.32327106
L006,10,F3,0.39156221
L006,10,F4,0.23724411
L006,10,F5,0.43495884
L006,10,F6,0.29693437
L006,10,F7,0.419458
L006,10,F8,0.3370233
L006,20,F1,0.44845867
L006,20,F2,0.32054275
L006,20,F3,0.45091183
L006,20,F4,0.48643579
L006,20,F5,0.40539896
L006,20,F6,0.32398969
L006,20,F7,0.39756011
L006,20,F8,0.42470615
L007,10,F1,0.64728332
L007,10,F2,0.30819969
L007,10,F3,0.37603601
L007,10,F4,0.59567935
L007,10,F5,0.24187794
L007,10,F6,0.56526677
L007,10,F7,0.50656766
L007,10,F8,0.27810151
L007,20,F1,0.77152994
L007,20,F2,0.53595111
L007,20,F3,0.53298531
L007,20,F4,0.71938053
L007,20,F5,0.36687957
L007,20,F6,0.73594745
L007,20,F7,0.60256005
L007,20,F8,0.3621348
L008,10,F1,0.32435725
L008,10,F2,0.44498797
L008,10,F3,0.54192244
L008,10,F4,0.31685088
L008,10,F5,0.59139552
L008,10,F6,0.29607946
L008,10,F7,0.2563521
L008,10,F8,0.30479713
L008,20,F1,0.48822354
L008,20,F2,0.5431204
L008,20,F3,0.48507767
L008,20,F4,0.58969642
L008,20,F5,0.68465444
L008,20,F6,0.34461618
L008,20,F7,0.53672102
L008,20,F8,0.55507201
L009,10,F1,0.24392122
L009,10,F2,0.32730824
L009,10,F3,0.38717119
L009,10,F4,0.25958336
L009,10,F5,0.24574627
L009,10,F6,0.43159689
L009,10,F7,0.46945784
L009,10,F8,0.32607636
L009,20,F1,0.35530702
L009,20,F2,0.48655309
L009,20,F3,0.5813115
L009,20,F4,0.32746955
L009,20,F5,0.31316848
L009,20,F6,0.55528861
L009,20,F7,0.63167513
L009,20,F8,0.3478473
L010,10,F1,0.20524665
L010,10,F2,0.35608215
L010,10,F3,0.29903264
L010,10,F4,0.54039779
L010,10,F5,0.27423564
L010,10,F6,0.23052647
L010,10,F7,0.26457376
L010,10,F8,0.27159523
L010,20,F1,0.31207046
L010,20,F2,0.34776227
L010,20,F3,0.30341408
L010,20,F4,0.6461179
L010,20,F5,0.29522244
L010,20,F6,0.44105925
L010,20,F7,0.31918857
L010,20,F8,0.49696349
L011,10,F1,0.28033452
L011,10,F2,0.39309383
L011,10,F3,0.31817939
L011,10,F4,0.23562882
L011,10,F5,0.41590346
L011,10,F6,0.28261176
L011,10,F7,0.31122215
L011,10,F8,0.28658122
L011,20,F1,0.42940848
L011,20,F2,0.44370146
L011,20,F3,0.39429183
L011,20,F4,0.39883666
L011,20,F5,0.45874548
L011,20,F6,0.28503726
L011,20,F7,0.3897032
L011,20,F8,0.37710198
L012,10,F1,0.3648788
L012,10,F2,0.38949591
L012,10,F3,0.28493568
L012,10,F4,0.24792154
L012,10,F5,0.33563026
L012,10,F6,0.22488025
L012,10,F7,0.32348466
L012,10,F8,0.27406923
L012,20,F1,0.35758628
L012,20,F2,0.37284055
L012,20,F3,0.55385113
L012,20,F4,0.37666247
L012,20,F5,0.43341245
L012,20,F6,0.30931216
L012,20,F7,0.44326427
L012,20,F8,0.32113621
L013,10,F1,0.24167771
L013,10,F2,0.27888464
L013,10,F3,0.26587734
L013,10,F4,0.43844959
L013,10,F5,0.23748426
L013,10,F6,0.4089402
L013,10,F7,0.46612815
L013,10,F8,0.38267669
L013,20,F1,0.36940927
L013,20,F2,0.36150353
L013,20,F3,0.61349415
L013,20,F4,0.58344083
L013,20,F5,0.55244848
L013,20,F6,0.43600615
L013,20,F7,0.58134903
L013,20,F8,0.64259899
L014,10,F1,0.26652271
L014,10,F2,0.35506378
L014,10,F3,0.37610707
L014,10,F4,0.30694013
L014,10,F5,0.39386984
L014,10,F6,0.2478501
L014,10,F7,0.31592791
L014,10,F8,0.34392693
L014,20,F1,0.47379474
L014,20,F2,0.353822
L014,20,F3,0.36741527
L014,20,F4,0.324449
L014,20,F5,0.6290998
L014,20,F6,0.61634487
L014,20,F7,0.32820201
L014,20,F8,0.34687877
L015,10,F1,0.27725462
L015,10,F2,0.37906805
L015,10,F3,0.29946341
L015,10,F4,0.39888139
L015,10,F5,0.45734229
L015,10,F6,0.43642163
L015,10,F7,0.36887302
L015,10,F8,0.28265226
L015,20,F1,0.45892315
L015,20,F2,0.3679247
L015,20,F3,0.58090728
L015,20,F4,0.49015592
L015,20,F5,0.61080677
L015,20,F6,0.41820328
L015,20,F7,0.56078998
L015,20,F8,0.52618702
L016,10,F1,0.26657764
L016,10,F2,0.41722746
L016,10,F3,0.3351654
L016,10,F4,0.48806541
L016,10,F5,0.26014206
L016,10,F6,0.56407257
L016,10,F7,0.34641297
L016,10,F8,0.32284814
L016,20,F1,0.37469875
L016,20,F2,0.42820548
L016,20,F3,0.5933154
L016,20,F4,0.59579448
L016,20,F5,0.33260434
L016,20,F6,0.549353
L016,20,F7,0.40604738
L016,20,F8,0.4732641
L017,10,F1,0.33640305
L017,10,F2,0.40865083
L017,10,F3,0.28621155
L017,10,F4,0.41220086
L017,10,F5,0.44270584
L017,10,F6,0.46199939
L017,10,F7,0.49952573
L017,10,F8,0.34749778
L017,20,F1,0.50939246
L017,20,F2,0.53546245
L017,20,F3,0.36752776
L017,20,F4,0.62160914
L017,20,F5,0.41970975
L017,20,F6,0.53932606
L017,20,F7,0.46449088
L017,20,F8,0.5246992
L018,10,F1,0.3528174
L018,10,F2,0.21452673
L018,10,F3,0.35766477
L018,10,F4,0.42616284
L018,10,F5,0.29883783
L018,10,F6,0.37046964
L018,10,F7,0.3843569
L018,10,F8,0.22918719
L018,20,F1,0.36188403
L018,20,F2,0.61304828
L018,20,F3,0.36284458
L018,20,F4,0.41620478
L018,20,F5,0.50833565
L018,20,F6,0.46465891
L018,20,F7,0.38588621
L018,20,F8,0.57178104
L019,10,F1,0.30336334
L019,10,F2,0.53469327
L019,10,F3,0.29246882
L019,10,F4,0.24363107
L019,10,F5,0.45653735
L019,10,F6,0.45781433
L019,10,F7,0.47148465
L019,10,F8,0.4838337
L019,20,F1,0.57576731
L019,20,F2,0.58647562
L019,20,F3,0.46493324
L019,20,F4,0.56254498
L019,20,F5,0.5488215
L019,20,F6,0.63513001
L019,20,F7,0.57408517
L019,20,F8,0.44853195
L020,10,F1,0.35870004
L020,10,F2,0.32684182
L020,10,F3,0.21970854
L020,10,F4,0.34405599
L020,10,F5,0.21406007
L020,10,F6,0.36079808
L020,10,F7,0.2419885
L020,10,F8,0.32667414
L020,20,F1,0.34750055
L020,20,F2,0.32838105
L020,20,F3,0.44445967
L020,20,F4,0.43269327
L020,20,F5,0.45439729
L020,20,F6,0.349129
L020,20,F7,0.48002618
L020,20,F8,0.43915732
L021,10,F1,0.23889374
L021,10,F2,0.31449031
L021,10,F3,0.29148662
L021,10,F4,0.23206032
L021,10,F5,0.43611484
L021,10,F6,0.22132336
L021,10,F7,0.33457147
L021,10,F8,0.41844005
L021,20,F1,0.27979493
L021,20,F2,0.41487264
L021,20,F3,0.40235214
L021,20,F4,0.46681824
L021,20,F5,0.40225233
L021,20,F6,0.2880231
L021,20,F7,0.3225069
L021,20,F8,0.47704834
L022,10,F1,0.2313769
L022,10,F2,0.2519675
L022,10,F3,0.45604949
L022,10,F4,0.21923004
L022,10,F5,0.22241267
L022,10,F6,0.42616638
L022,10,F7,0.41864236
L022,10,F8,0.22319386
L022,20,F1,0.26901269
L022,20,F2,0.49162673
L022,20,F3,0.60720013
L022,20,F4,0.51238775
L022,20,F5,0.28963516
L022,20,F6,0.41881157
L022,20,F7,0.58756173
L022,20,F8,0.32357991
L023,10,F1,0.26529223
L023,10,F2,0.28705923
L023,10,F3,0.26130217
L023,10,F4,0.45953456
L023,10,F5,0.43322775
L023,10,F6,0.4380976
L023,10,F7,0.38216733
L023,10,F8,0.44008231
L023,20,F1,0.48768421
L023,20,F2,0.59026493
L023,20,F3,0.40882648
L023,20,F4,0.56245697
L023,20,F5,0.57227785
L023,20,F6,0.55558767
L023,20,F7,0.40067363
L023,20,F8,0.57784023
L024,10,F1,0.2536478
L024,10,F2,0.44831388
L024,10,F3,0.28622143
L024,10,F4,0.45748374
L024,10,F5,0.42497755
L024,10,F6,0.30515716
L024,10,F7,0.48473278
L024,10,F8,0.40551853
L024,20,F1,0.41904398
L024,20,F2,0.60538562
L024,20,F3,0.62570153
L024,20,F4,0.54407295
L024,20,F5,0.41057698
L024,20,F6,0.37686966
L024,20,F7,0.62534538
L024,20,F8,0.50345785
L025,10,F1,0.48865045
L025,10,F2,0.44174553
L025,10,F3,0.46193729
L025,10,F4,0.46531976
L025,10,F5,0.59202793
L025,10,F6,0.64647046
L025,10,F7,0.54380401
L025,10,F8,0.52016629
L025,20,F1,0.69621733
L025,20,F2,0.68205516
L025,20,F3,0.56233641
L025,20,F4,0.56091941
L025,20,F5,0.66126448
L025,20,F6,0.7280268
L025,20,F7,0.70784683
L025,20,F8,0.70288057
L026,10,F1,0.27700767
L026,10,F2,0.23394772
L026,10,F3,0.24816689
L026,10,F4,0.49785633
L026,10,F5,0.22342311
L026,10,F6,0.48184762
L026,10,F7,0.44319204
L026,10,F8,0.39446237
L026,20,F1,0.34737976
L026,20,F2,0.31633347
L026,20,F3,0.48451851
L026,20,F4,0.59728613
L026,20,F5,0.46699351
L026,20,F6,0.56279226
L026,20,F7,0.64255694
L026,20,F8,0.60298758
L027,10,F1,0.48314568
L027,10,F2,0.21415991
L027,10,F3,0.40889213
L027,10,F4,0.56493292
L027,10,F5,0.39515868
L027,10,F6,0.25763698
L027,10,F7,0.3398332
L027,10,F8,0.17515841
L027,20,F1,0.45366798
L027,20,F2,0.45706789
L027,20,F3,0.39264021
L027,20,F4,0.63458524
L027,20,F5,0.49102422
L027,20,F6,0.40766388
L027,20,F7,0.5126482
L027,20,F8,0.39576267
L028,10,F1,0.24514061
L028,10,F2,0.2909582
L028,10,F3,0.3703897
L028,10,F4,0.33420023
L028,10,F5,0.22487449
L028,10,F6,0.27611386
L028,10,F7,0.43845318
L028,10,F8,0.33658988
L028,20,F1,0.42961888
L028,20,F2,0.35234742
L028,20,F3,0.48767825
L028,20,F4,0.49485693
L028,20,F5,0.41161755
L028,20,F6,0.428127
L028,20,F7,0.44968898
L028,20,F8,0.3636752
L029,10,F1,0.26216859
L029,10,F2,0.41158
L029,10,F3,0.28877901
L029,10,F4,0.22775853
L029,10,F5,0.21870945
L029,10,F6,0.28148542
L029,10,F7,0.28638812
L029,10,F8,0.26620215
L029,20,F1,0.3511902
L029,20,F2,0.55035625
L029,20,F3,0.37389843
L029,20,F4,0.46657635
L029,20,F5,0.43167584
L029,20,F6,0.32449678
L029,20,F7,0.47245995
L029,20,F8,0.35458008
L030,10,F1,0.363659
L030,10,F2,0.31340387
L030,10,F3,0.51322091
L030,10,F4,0.46946407
L030,10,F5,0.51113135
L030,10,F6,0.51554745
L030,10,F7,0.3664244
L030,10,F8,0.25239773
L030,20,F1,0.4333545
L030,20,F2,0.60796204
L030,20,F3,0.70796147
L030,20,F4,0.48646033
L030,20,F5,0.63143341
L030,20,F6,0.6317055
L030,20,F7,0.52927334
L030,20,F8,0.41130333
L031,10,F1,0.42458819
L031,10,F2,0.43222405
L031,10,F3,0.3321594
L031,10,F4,0.22719189
L031,10,F5,0.22977984
L031,10,F6,0.33203488
L031,10,F7,0.41811638
L031,10,F8,0.38555668
L031,20,F1,0.40109887
L031,20,F2,0.48795961
L031,20,F3,0.32083787
L031,20,F4,0.56865385
L031,20,F5,0.2864617
L031,20,F6,0.44942373
L031,20,F7,0.51035327
L031,20,F8,0.46699428
L032,10,F1,0.23030487
L032,10,F2,0.54358106
L032,10,F3,0.47818735
L032,10,F4,0.46245221
L032,10,F5,0.22171148
L032,10,F6,0.30232898
L032,10,F7,0.25206063
L032,10,F8,0.25795214
L032,20,F1,0.34586475
L032,20,F2,0.69309161
L032,20,F3,0.5706629
L032,20,F4,0.57680615
L032,20,F5,0.40972069
L032,20,F6,0.33537992
L032,20,F7,0.32534153
L032,20,F8,0.33472402
L033,10,F1,0.23355698
L033,10,F2,0.22203107
L033,10,F3,0.30594958
L033,10,F4,0.20552388
L033,10,F5,0.45410944
L033,10,F6,0.17617535
L033,10,F7,0.21208252
L033,10,F8,0.33617467
L033,20,F1,0.39488901
L033,20,F2,0.26554317
L033,20,F3,0.29964331
L033,20,F4,0.25172224
L033,20,F5,0.50985876
L033,20,F6,0.42379251
L033,20,F7,0.45814632
L033,20,F8,0.42570956
L034,10,F1,0.45297467
L034,10,F2,0.44145202
L034,10,F3,0.30617293
L034,10,F4,0.2930243
L034,10,F5,0.26278473
L034,10,F6,0.35532669
L034,10,F7,0.31448737
L034,10,F8,0.31822897
L034,20,F1,0.553753
L034,20,F2,0.55216473
L034,20,F3,0.50616801
L034,20,F4,0.31386487
L034,20,F5,0.39470642
L034,20,F6,0.50723713
L034,20,F7,0.33444352
L034,20,F8,0.33433314
L035,10,F1,0.19425659
L035,10,F2,0.31957258
L035,10,F3,0.22071564
L035,10,F4,0.2082518
L035,10,F5,0.21003917
L035,10,F6,0.32704702
L035,10,F7,0.26781907
L035,10,F8,0.25277517
L035,20,F1,0.43346591
L035,20,F2,0.50668023
L035,20,F3,0.27000307
L035,20,F4,0.35679929
L035,20,F5,0.36543327
L035,20,F6,0.32755167
L035,20,F7,0.3789104
L035,20,F8,0.27035661
L036,10,F1,0.3615001
L036,10,F2,0.27185908
L036,10,F3,0.43852341
L036,10,F4,0.25739071
L036,10,F5,0.36477072
L036,10,F6,0.35245583
L036,10,F7,0.39933259
L036,10,F8,0.20320581
L036,20,F1,0.45318056
L036,20,F2,0.38890483
L036,20,F3,0.56567019
L036,20,F4,0.43331512
L036,20,F5,0.46303802
L036,20,F6,0.537265
L036,20,F7,0.47053997
L036,20,F8,0.38308506
L037,10,F1,0.26666687
L037,10,F2,0.40922243
L037,10,F3,0.40926553
L037,10,F4,0.34847334
L037,10,F5,0.35810996
L037,10,F6,0.38606766
L037,10,F7,0.46085983
L037,10,F8,0.36386727
L037,20,F1,0.44126837
L037,20,F2,0.50360399
L037,20,F3,0.41135276
L037,20,F4,0.39253169
L037,20,F5,0.53397089
L037,20,F6,0.39502758
L037,20,F7,0.53780299
L037,20,F8,0.48365992
L038,10,F1,0.25693301
L038,10,F2,0.50918022
L038,10,F3,0.56021069
L038,10,F4,0.38446094
L038,10,F5,0.2475775
L038,10,F6,0.24877426
L038,10,F7,0.26933667
L038,10,F8,0.42764923
L038,20,F1,0.33306416
L038,20,F2,0.67132164
L038,20,F3,0.69710048
L038,20,F4,0.52404824
L038,20,F5,0.61886654
L038,20,F6,0.58148405
L038,20,F7,0.31169788
L038,20,F8,0.44053642
L039,10,F1,0.43033844
L039,10,F2,0.40015685
L039,10,F3,0.37997895
L039,10,F4,0.24499122
L039,10,F5,0.31247993
L039,10,F6,0.22584472
L039,10,F7,0.45514654
L039,10,F8,0.52475218
L039,20,F1,0.50002113
L039,20,F2,0.55431632
L039,20,F3,0.57703626
L039,20,F4,0.32417423
L039,20,F5,0.41833137
L039,20,F6,0.43273163
L039,20,F7,0.50176625
L039,20,F8,0.592592
L040,10,F1,0.41671259
L040,10,F2,0.25780038
L040,10,F3,0.42860815
L040,10,F4,0.47656814
L040,10,F5,0.41522436
L040,10,F6,0.56891326
L040,10,F7,0.34777165
L040,10,F8,0.3466632
L040,20,F1,0.50551424
L040,20,F2,0.3750938
L040,20,F3,0.40849621
L040,20,F4,0.55821876
L040,20,F5,0.51323323
L040,20,F6,0.51827708
L040,20,F7,0.50880212
L040,20,F8,0.46142202
L041,10,F1,0.23038808
L041,10,F2,0.32660911
L041,10,F3,0.38067323
L041,10,F4,0.31172834
L041,10,F5,0.37977222
L041,10,F6,0.45012273
L041,10,F7,0.58732308
L041,10,F8,0.25474846
L041,20,F1,0.4227277
L041,20,F2,0.57914627
L041,20,F3,0.58265306
L041,20,F4,0.45206876
L041,20,F5,0.4895696
L041,20,F6,0.63534176
L041,20,F7,0.63538022
L041,20,F8,0.41884956
L042,10,F1,0.25593206
L042,10,F2,0.33943632
L042,10,F3,0.38373774
L042,10,F4,0.31972067
L042,10,F5,0.37628442
L042,10,F6,0.39388388
L042,10,F7,0.41321118
L042,10,F8,0.28287399
L042,20,F1,0.33855197
L042,20,F2,0.35307852
L042,20,F3,0.38681895
L042,20,F4,0.46556884
L042,20,F5,0.37514499
L042,20,F6,0.59500258
L042,20,F7,0.41009461
L042,20,F8,0.43474526
L043,10,F1,0.57946957
L043,10,F2,0.29053002
L043,10,F3,0.49286917
L043,10,F4,0.23499608
L043,10,F5,0.34211782
L043,10,F6,0.29267666
L043,10,F7,0.51422565
L043,10,F8,0.6178116
L043,20,F1,0.65083453
L043,20,F2,0.64482948
L043,20,F3,0.50048349
L043,20,F4,0.55134371
L043,20,F5,0.60976494
L043,20,F6,0.49672133
L043,20,F7,0.51689372
L043,20,F8,0.6783344
L044,10,F1,0.48799299
L044,10,F2,0.28664734
L044,10,F3,0.59256879
L044,10,F4,0.31794258
L044,10,F5,0.42077433
L044,10,F6,0.30374252
L044,10,F7,0.27973464
L044,10,F8,0.24701208
L044,20,F1,0.57167098
L044,20,F2,0.31664474
L044,20,F3,0.71392874
L044,20,F4,0.3823084
L044,20,F5,0.41882544
L044,20,F6,0.50529731
L044,20,F7,0.52911956
L044,20,F8,0.4309485
L045,10,F1,0.31899791
L045,10,F2,0.2316583
L045,10,F3,0.3032464
L045,10,F4,0.25933477
L045,10,F5,0.25412962
L045,10,F6,0.30878175
L045,10,F7,0.58787568
L045,10,F8,0.59349225
L045,20,F1,0.48351606
L045,20,F2,0.36279231
L045,20,F3,0.33714478
L045,20,F4,0.53219855
L045,20,F5,0.58523236
L045,20,F6,0.48434215
L045,20,F7,0.56152791
L045,20,F8,0.57000128
L046,10,F1,0.41319053
L046,10,F2,0.47976333
L046,10,F3,0.34488274
L046,10,F4,0.33147365
L046,10,F5,0.31309336
L046,10,F6,0.51487081
L046,10,F7,0.67270948
L046,10,F8,0.49252747
L046,20,F1,0.60859912
L046,20,F2,0.59625381
L046,20,F3,0.60162409
L046,20,F4,0.63259174
L046,20,F5,0.6224305
L046,20,F6,0.69149306
L046,20,F7,0.62862118
L046,20,F8,0.68457186
L047,10,F1,0.2785309
L047,10,F2,0.32689026
L047,10,F3,0.46371742
L047,10,F4,0.32241243
L047,10,F5,0.23823206
L047,10,F6,0.39666052
L047,10,F7,0.23052458
L047,10,F8,0.28614271
L047,20,F1,0.40742586
L047,20,F2,0.42179971
L047,20,F3,0.49269577
L047,20,F4,0.31093091
L047,20,F5,0.39996196
L047,20,F6,0.37149585
L047,20,F7,0.36254055
L047,20,F8,0.28024509
L048,10,F1,0.35993132
L048,10,F2,0.26927545
L048,10,F3,0.25112403
L048,10,F4,0.23484961
L048,10,F5,0.25124528
L048,10,F6,0.40168864
L048,10,F7,0.33280833
L048,10,F8,0.33633898
L048,20,F1,0.44449048
L048,20,F2,0.50633027
L048,20,F3,0.39540258
L048,20,F4,0.35357337
L048,20,F5,0.3609138
L048,20,F6,0.46018642
L048,20,F7,0.40688486
L048,20,F8,0.47287715
L049,10,F1,0.37512342
L049,10,F2,0.45773025
L049,10,F3,0.46423399
L049,10,F4,0.43087775
L049,10,F5,0.36237504
L049,10,F6,0.5746085
L049,10,F7,0.34704773
L049,10,F8,0.35946313
L049,20,F1,0.64796585
L049,20,F2,0.49502695
L049,20,F3,0.67986664
L049,20,F4,0.64426313
L049,20,F5,0.6898595
L049,20,F6,0.64941598
L049,20,F7,0.55221683
L049,20,F8,0.62955724
L050,10,F1,0.33520148
L050,10,F2,0.3693978
L050,10,F3,0.52013191
L050,10,F4,0.31231945
L050,10,F5,0.31664157
L050,10,F6,0.42719437
L050,10,F7,0.39541048
L050,10,F8,0.40689424
L050,20,F1,0.45876913
L050,20,F2,0.37073016
L050,20,F3,0.56924419
L050,20,F4,0.51270411
L050,20,F5,0.37350288
L050,20,F6,0.49825742
L050,20,F7,0.48072843
L050,20,F8,0.40328844
L051,10,F1,0.28767567
L051,10,F2,0.33337779
L051,10,F3,0.4129848
L051,10,F4,0.29696254
L051,10,F5,0.41686223
L051,10,F6,0.28818093
L051,10,F7,0.35751563
L051,10,F8,0.30110453
L051,20,F1,0.43735606
L051,20,F2,0.56394776
L051,20,F3,0.51029717
L051,20,F4,0.54275815
L051,20,F5,0.50149798
L051,20,F6,0.44854742
L051,20,F7,0.4780536
L051,20,F8,0.42684408
L052,10,F1,0.25732304
L052,10,F2,0.58022983
L052,10,F3,0.26348149
L052,10,F4,0.44772972
L052,10,F5,0.44473311
L052,10,F6,0.40583713
L052,10,F7,0.36106197
L052,10,F8,0.28378797
L052,20,F1,0.47266027
L052,20,F2,0.64678887
L052,20,F3,0.48326938
L052,20,F4,0.63420197
L052,20,F5,0.44889361
L052,20,F6,0.53177488
L052,20,F7,0.49189956
L052,20,F8,0.44296167
L053,10,F1,0.41541888
L053,10,F2,0.41618672
L053,10,F3,0.38176414
L053,10,F4,0.41215431
L053,10,F5,0.32177287
L053,10,F6,0.2301203
L053,10,F7,0.25971752
L053,10,F8,0.29653498
L053,20,F1,0.39784291
L053,20,F2,0.47920843
L053,20,F3,0.45713484
L053,20,F4,0.39367685
L053,20,F5,0.31956517
L053,20,F6,0.32235566
L053,20,F7,0.47363111
L053,20,F8,0.3014321
L054,10,F1,0.31749966
L054,10,F2,0.36489099
L054,10,F3,0.43969774
L054,10,F4,0.4436908
L054,10,F5,0.22893765
L054,10,F6,0.23450558
L054,10,F7,0.47650395
L054,10,F8,0.30372564
L054,20,F1,0.44986309
L054,20,F2,0.35784025
L054,20,F3,0.41816766
L054,20,F4,0.57599633
L054,20,F5,0.30100992
L054,20,F6,0.3750821
L054,20,F7,0.51875575
L054,20,F8,0.3120797
L055,10,F1,0.30319924
L055,10,F2,0.56211068
L055,10,F3,0.28891282
L055,10,F4,0.24623458
L055,10,F5,0.46567341
L055,10,F6,0.32781526
L055,10,F7,0.27833638
L055,10,F8,0.36552132
L055,20,F1,0.62869742
L055,20,F2,0.51597767
L055,20,F3,0.44162663
L055,20,F4,0.38757348
L055,20,F5,0.55226505
L055,20,F6,0.46066434
L055,20,F7,0.44399465
L055,20,F8,0.49580827
L056,10,F1,0.44518764
L056,10,F2,0.31923526
L056,10,F3,0.39249783
L056,10,F4,0.24882927
L056,10,F5,0.26102172
L056,10,F6,0.43770022
L056,10,F7,0.27162818
L056,10,F8,0.42544225
L056,20,F1,0.4256041
L056,20,F2,0.47606882
L056,20,F3,0.39145041
L056,20,F4,0.4663189
L056,20,F5,0.40786406
L056,20,F6,0.62614891
L056,20,F7,0.43415557
L056,20,F8,0.51003721
L057,10,F1,0.37727839
L057,10,F2,0.29104529
L057,10,F3,0.28706283
L057,10,F4,0.33998091
L057,10,F5,0.43416079
L057,10,F6,0.3993325
L057,10,F7,0.41598419
L057,10,F8,0.44199925
L057,20,F1,0.41415586
L057,20,F2,0.39828571
L057,20,F3,0.43007815
L057,20,F4,0.44746076
L057,20,F5,0.41025247
L057,20,F6,0.47273767
L057,20,F7,0.51982536
L057,20,F8,0.52071335
L058,10,F1,0.51073147
L058,10,F2,0.25101054
L058,10,F3,0.32974317
L058,10,F4,0.35958462
L058,10,F5,0.4239198
L058,10,F6,0.3969204
L058,10,F7,0.3955742
L058,10,F8,0.36065368
L058,20,F1,0.52938665
L058,20,F2,0.36532953
L058,20,F3,0.49119109
L058,20,F4,0.4947691
L058,20,F5,0.54732447
L058,20,F6,0.52759434
L058,20,F7,0.36653747
L058,20,F8,0.48204397
L059,10,F1,0.23675203
L059,10,F2,0.37166023
L059,10,F3,0.3986276
L059,10,F4,0.3706692
L059,10,F5,0.31975019
L059,10,F6,0.28047963
L059,10,F7,0.28150057
L059,10,F8,0.4874556
L059,20,F1,0.3937632
L059,20,F2,0.47559252
L059,20,F3,0.59174263
L059,20,F4,0.37940746
L059,20,F5,0.36002585
L059,20,F6,0.40479507
L059,20,F7,0.5191936
L059,20,F8,0.61767111
L060,10,F1,0.18674683
L060,10,F2,0.27053404
L060,10,F3,0.24062371
L060,10,F4,0.34560149
L060,10,F5,0.30894912
L060,10,F6,0.25168168
L060,10,F7,0.35434445
L060,10,F8,0.43360684
L060,20,F1,0.34430674
L060,20,F2,0.37228301
L060,20,F3,0.30829205
L060,20,F4,0.43791724
L060,20,F5,0.30559742
L060,20,F6,0.4691827
L060,20,F7,0.34326663
L060,20,F8,0.54041624
L061,10,F1,0.28443141
L061,10,F2,0.47624273
L061,10,F3,0.22373264
L061,10,F4,0.26486972
L061,10,F5,0.25958577
L061,10,F6,0.60834449
L061,10,F7,0.2965548
L061,10,F8,0.34225411
L061,20,F1,0.51751636
L061,20,F2,0.58105662
L061,20,F3,0.5872384
L061,20,F4,0.50368909
L061,20,F5,0.34728181
L061,20,F6,0.65313196
L061,20,F7,0.57564156
L061,20,F8,0.37241898
L062,10,F1,0.4254386
L062,10,F2,0.51840464
L062,10,F3,0.2359248
L062,10,F4,0.33030645
L062,10,F5,0.26083455
L062,10,F6,0.27035708
L062,10,F7,0.29819863
L062,10,F8,0.32563095
L062,20,F1,0.58884762
L062,20,F2,0.46859363
L062,20,F3,0.32160478
L062,20,F4,0.4346153
L062,20,F5,0.41196861
L062,20,F6,0.52222642
L062,20,F7,0.30679016
L062,20,F8,0.32597169
L063,10,F1,0.21122356
L063,10,F2,0.33182445
L063,10,F3,0.24317668
L063,10,F4,0.43299302
L063,10,F5,0.23424595
L063,10,F6,0.31473607
L063,10,F7,0.48731223
L063,10,F8,0.40866532
L063,20,F1,0.37544807
L063,20,F2,0.32880469
L063,20,F3,0.34945263
L063,20,F4,0.40712154
L063,20,F5,0.29877143
L063,20,F6,0.4178337
L063,20,F7,0.45097332
L063,20,F8,0.47433304
L064,10,F1,0.23794789
L064,10,F2,0.40578353
L064,10,F3,0.25655732
L064,10,F4,0.48808427
L064,10,F5,0.35776917
L064,10,F6,0.23261749
L064,10,F7,0.23707612
L064,10,F8,0.35094116
L064,20,F1,0.48045438
L064,20,F2,0.53055036
L064,20,F3,0.28338184
L064,20,F4,0.5674886
L064,20,F5,0.36159648
L064,20,F6,0.55378882
L064,20,F7,0.30710095
L064,20,F8,0.55074479
L065,10,F1,0.3016661
L065,10,F2,0.43833669
L065,10,F3,0.5292207
L065,10,F4,0.43977008
L065,10,F5,0.28112108
L065,10,F6,0.26979729
L065,10,F7,0.39165839
L065,10,F8,0.28437461
L065,20,F1,0.35478755
L065,20,F2,0.53327843
L065,20,F3,0.60864913
L065,20,F4,0.54516574
L065,20,F5,0.5960914
L065,20,F6,0.45358473
L065,20,F7,0.59759794
L065,20,F8,0.43322424
L066,10,F1,0.39563049
L066,10,F2,0.38203363
L066,10,F3,0.43205176
L066,10,F4,0.20626375
L066,10,F5,0.33908438
L066,10,F6,0.36038389
L066,10,F7,0.18946922
L066,10,F8,0.36639599
L066,20,F1,0.38593486
L066,20,F2,0.377866
L066,20,F3,0.50337401
L066,20,F4,0.36861098
L066,20,F5,0.49334306
L066,20,F6,0.47379898
L066,20,F7,0.4628616
L066,20,F8,0.4467502
L067,10,F1,0.30297439
L067,10,F2,0.37859784
L067,10,F3,0.38691514
L067,10,F4,0.31906449
L067,10,F5,0.22122361
L067,10,F6,0.29193181
L067,10,F7,0.3531542
L067,10,F8,0.51827643
L067,20,F1,0.40069467
L067,20,F2,0.36006373
L067,20,F3,0.45904861
L067,20,F4,0.43756003
L067,20,F5,0.46459235
L067,20,F6,0.40960561
L067,20,F7,0.34106995
L067,20,F8,0.59774121
L068,10,F1,0.50733167
L068,10,F2,0.35769841
L068,10,F3,0.61347663
L068,10,F4,0.33962237
L068,10,F5,0.30889153
L068,10,F6,0.49500248
L068,10,F7,0.58722183
L068,10,F8,0.32275612
L068,20,F1,0.62140215
L068,20,F2,0.39732712
L068,20,F3,0.68457124
L068,20,F4,0.45077626
L068,20,F5,0.3927032
L068,20,F6,0.6254454
L068,20,F7,0.68604595
L068,20,F8,0.72763182
L069,10,F1,0.31907362
L069,10,F2,0.26646821
L069,10,F3,0.54456211
L069,10,F4,0.31836169
L069,10,F5,0.43120287
L069,10,F6,0.37698499
L069,10,F7,0.57744027
L069,10,F8,0.35867712
L069,20,F1,0.47561293
L069,20,F2,0.51197817
L069,20,F3,0.68388077
L069,20,F4,0.38332142
L069,20,F5,0.53907291
L069,20,F6,0.5153032
L069,20,F7,0.6368327
L069,20,F8,0.53970704
L070,10,F1,0.49712564
L070,10,F2,0.44435311
L070,10,F3,0.40275981
L070,10,F4,0.29109761
L070,10,F5,0.31533914
L070,10,F6,0.32070587
L070,10,F7,0.4441324
L070,10,F8,0.36622722
L070,20,F1,0.61503605
L070,20,F2,0.41439614
L070,20,F3,0.37174529
L070,20,F4,0.4196729
L070,20,F5,0.52190378
L070,20,F6,0.48158192
L070,20,F7,0.51774034
L070,20,F8,0.4644412
L071,10,F1,0.35538565
L071,10,F2,0.27232421
L071,10,F3,0.31339868
L071,10,F4,0.35579449
L071,10,F5,0.42392133
L071,10,F6,0.32143183
L071,10,F7,0.28448969
L071,10,F8,0.33255944
L071,20,F1,0.3403898
L071,20,F2,0.32201799
L071,20,F3,0.33334527
L071,20,F4,0.34245962
L071,20,F5,0.48337881
L071,20,F6,0.31003421
L071,20,F7,0.3959365
L071,20,F8,0.31979949
L072,10,F1,0.36901281
L072,10,F2,0.28931521
L072,10,F3,0.27468716
L072,10,F4,0.3458231
L072,10,F5,0.27654373
L072,10,F6,0.51624885
L072,10,F7,0.25262157
L072,10,F8,0.38907366
L072,20,F1,0.53258237
L072,20,F2,0.29999505
L072,20,F3,0.49543353
L072,20,F4,0.4389014
L072,20,F5,0.42483342
L072,20,F6,0.61709115
L072,20,F7,0.32515312
L072,20,F8,0.53242542
L073,10,F1,0.26361798
L073,10,F2,0.52634318
L073,10,F3,0.27964048
L073,10,F4,0.20546712
L073,10,F5,0.18099336
L073,10,F6,0.43895777
L073,10,F7,0.2019572
L073,10,F8,0.49395951
L073,20,F1,0.28460616
L073,20,F2,0.56653825
L073,20,F3,0.43118646
L073,20,F4,0.56135045
L073,20,F5,0.41661859
L073,20,F6,0.53871195
L073,20,F7,0.47915547
L073,20,F8,0.67788751
L074,10,F1,0.27064215
L074,10,F2,0.54554765
L074,10,F3,0.40543241
L074,10,F4,0.27402012
L074,10,F5,0.2787017
L074,10,F6,0.35790567
L074,10,F7,0.24600428
L074,10,F8,0.5719371
L074,20,F1,0.51084883
L074,20,F2,0.61059999
L074,20,F3,0.40112207
L074,20,F4,0.47386638
L074,20,F5,0.3513662
L074,20,F6,0.36843244
L074,20,F7,0.55751539
L074,20,F8,0.60474211
L075,10,F1,0.56337651
L075,10,F2,0.49076777
L075,10,F3,0.4571955
L075,10,F4,0.58552904
L075,10,F5,0.54163396
L075,10,F6,0.43543202
L075,10,F7,0.53547755
L075,10,F8,0.47344276
L075,20,F1,0.65690193
L075,20,F2,0.70256023
L075,20,F3,0.60841454
L075,20,F4,0.5751928
L075,20,F5,0.70891347
L075,20,F6,0.64521519
L075,20,F7,0.6564042
L075,20,F8,0.6029819
L076,10,F1,0.24395754
L076,10,F2,0.39474998
L076,10,F3,0.32799906
L076,10,F4,0.42563661
L076,10,F5,0.51452214
L076,10,F6,0.23902748
L076,10,F7,0.40045107
L076,10,F8,0.39896169
L076,20,F1,0.39092878
L076,20,F2,0.40033471
L076,20,F3,0.50724062
L076,20,F4,0.58809118
L076,20,F5,0.58771779
L076,20,F6,0.44938738
L076,20,F7,0.40725663
L076,20,F8,0.40700166
L077,10,F1,0.3291527
L077,10,F2,0.31326175
L077,10,F3,0.29156661
L077,10,F4,0.30789432
L077,10,F5,0.43379602
L077,10,F6,0.35033146
L077,10,F7,0.55413174
L077,10,F8,0.27987941
L077,20,F1,0.47655351
L077,20,F2,0.58957576
L077,20,F3,0.46640459
L077,20,F4,0.50810489
L077,20,F5,0.42386126
L077,20,F6,0.48019441
L077,20,F7,0.59512827
L077,20,F8,0.54426781
L078,10,F1,0.23232953
L078,10,F2,0.3760243
L078,10,F3,0.31550872
L078,10,F4,0.36052022
L078,10,F5,0.36933658
L078,10,F6,0.41340226
L078,10,F7,0.38900873
L078,10,F8,0.32909832
L078,20,F1,0.34247372
L078,20,F2,0.45575689
L078,20,F3,0.46319374
L078,20,F4,0.35882661
L078,20,F5,0.4515561
L078,20,F6,0.50420291
L078,20,F7,0.38025581
L078,20,F8,0.45284627
L079,10,F1,0.40312308
L079,10,F2,0.29104797
L079,10,F3,0.47958013
L079,10,F4,0.30474265
L079,10,F5,0.47957839
L079,10,F6,0.24750678
L079,10,F7,0.31628588
L079,10,F8,0.3838742
L079,20,F1,0.51985109
L079,20,F2,0.31786336
L079,20,F3,0.63572052
L079,20,F4,0.35713384
L079,20,F5,0.56402944
L079,20,F6,0.34049061
L079,20,F7,0.48834293
L079,20,F8,0.39259943
L080,10,F1,0.34065318
L080,10,F2,0.31579511
L080,10,F3,0.41400449
L080,10,F4,0.33724801
L080,10,F5,0.33648682
L080,10,F6,0.32406407
L080,10,F7,0.40557319
L080,10,F8,0.37976249
L080,20,F1,0.42995357
L080,20,F2,0.45377218
L080,20,F3,0.3867234
L080,20,F4,0.41581615
L080,20,F5,0.35447944
L080,20,F6,0.34413501
L080,20,F7,0.46173404
L080,20,F8,0.44913318
L081,10,F1,0.33411323
L081,10,F2,0.41697894
L081,10,F3,0.21390681
L081,10,F4,0.27106613
L081,10,F5,0.33337854
L081,10,F6,0.22655501
L081,10,F7,0.26815632
L081,10,F8,0.20393814
L081,20,F1,0.43826965
L081,20,F2,0.56429372
L081,20,F3,0.30321009
L081,20,F4,0.41973256
L081,20,F5,0.33600865
L081,20,F6,0.24973525
L081,20,F7,0.2801593
L081,20,F8,0.2988509
L082,10,F1,0.25028025
L082,10,F2,0.27170794
L082,10,F3,0.28990002
L082,10,F4,0.21946253
L082,10,F5,0.38701587
L082,10,F6,0.48337828
L082,10,F7,0.33725873
L082,10,F8,0.27879594
L082,20,F1,0.49771652
L082,20,F2,0.47698795
L082,20,F3,0.5551503
L082,20,F4,0.56181826
L082,20,F5,0.3974526
L082,20,F6,0.67082261
L082,20,F7,0.49030255
L082,20,F8,0.44046095
L083,10,F1,0.31007924
L083,10,F2,0.45915448
L083,10,F3,0.43804804
L083,10,F4,0.31458037
L083,10,F5,0.47685637
L083,10,F6,0.48362674
L083,10,F7,0.50410059
L083,10,F8,0.33397799
L083,20,F1,0.51072714
L083,20,F2,0.58566904
L083,20,F3,0.45326173
L083,20,F4,0.55611516
L083,20,F5,0.67310799
L083,20,F6,0.66709997
L083,20,F7,0.50412325
L083,20,F8,0.4036145
L084,10,F1,0.26286982
L084,10,F2,0.34400018
L084,10,F3,0.2873456
L084,10,F4,0.42898428
L084,10,F5,0.41545299
L084,10,F6,0.234125
L084,10,F7,0.27851611
L084,10,F8,0.26469681
L084,20,F1,0.30527565
L084,20,F2,0.43300362
L084,20,F3,0.59801744
L084,20,F4,0.58215043
L084,20,F5,0.39357465
L084,20,F6,0.30955276
L084,20,F7,0.39419842
L084,20,F8,0.37739706
L085,10,F1,0.46738449
L085,10,F2,0.33425401
L085,10,F3,0.38714814
L085,10,F4,0.24118952
L085,10,F5,0.24578962
L085,10,F6,0.3176781
L085,10,F7,0.42374448
L085,10,F8,0.38417476
L085,20,F1,0.51772847
L085,20,F2,0.43341308
L085,20,F3,0.3677818
L085,20,F4,0.40090711
L085,20,F5,0.43368062
L085,20,F6,0.46173965
L085,20,F7,0.50673127
L085,20,F8,0.37163034
L086,10,F1,0.40025193
L086,10,F2,0.50266553
L086,10,F3,0.34095063
L086,10,F4,0.31143697
L086,10,F5,0.40161631
L086,10,F6,0.46116915
L086,10,F7,0.44714879
L086,10,F8,0.43171224
L086,20,F1,0.39926184
L086,20,F2,0.48077843
L086,20,F3,0.58062192
L086,20,F4,0.38037743
L086,20,F5,0.40431046
L086,20,F6,0.53425387
L086,20,F7,0.51708121
L086,20,F8,0.42709362
L087,10,F1,0.42504679
L087,10,F2,0.40808374
L087,10,F3,0.36348515
L087,10,F4,0.23249206
L087,10,F5,0.23354908
L087,10,F6,0.47470345
L087,10,F7,0.31532723
L087,10,F8,0.4050276
L087,20,F1,0.47946349
L087,20,F2,0.37785452
L087,20,F3,0.42762642
L087,20,F4,0.31700604
L087,20,F5,0.36275072
L087,20,F6,0.42720879
L087,20,F7,0.30783991
L087,20,F8,0.4608608
L088,10,F1,0.52257543
L088,10,F2,0.31514139
L088,10,F3,0.43476737
L088,10,F4,0.3857887
L088,10,F5,0.3314359
L088,10,F6,0.58394156
L088,10,F7,0.25922005
L088,10,F8,0.22615635
L088,20,F1,0.68408257
L088,20,F2,0.57883065
L088,20,F3,0.45707663
L088,20,F4,0.53507308
L088,20,F5,0.50071759
L088,20,F6,0.71521971
L088,20,F7,0.47471854
L088,20,F8,0.38078942
L089,10,F1,0.22845951
L089,10,F2,0.4180714
L089,10,F3,0.25600652
L089,10,F4,0.21967083
L089,10,F5,0.22264664
L089,10,F6,0.43562414
L089,10,F7,0.2004247
L089,10,F8,0.30242715
L089,20,F1,0.38717896
L089,20,F2,0.40492257
L089,20,F3,0.38830146
L089,20,F4,0.27421814
L089,20,F5,0.35286197
L089,20,F6,0.50692399
L089,20,F7,0.2861201
L089,20,F8,0.31459161
L090,10,F1,0.19970586
L090,10,F2,0.38072103
L090,10,F3,0.40422197
L090,10,F4,0.56374641
L090,10,F5,0.33929578
L090,10,F6,0.44337828
L090,10,F7,0.54786364
L090,10,F8,0.45190009
L090,20,F1,0.47212454
L090,20,F2,0.66790149
L090,20,F3,0.62105749
L090,20,F4,0.63043815
L090,20,F5,0.643928
L090,20,F6,0.57110681
L090,20,F7,0.61436522
L090,20,F8,0.54699544
L091,10,F1,0.42594384
L091,10,F2,0.21608353
L091,10,F3,0.35352531
L091,10,F4,0.22798714
L091,10,F5,0.33815319
L091,10,F6,0.44338466
L091,10,F7,0.22000957
L091,10,F8,0.20444096
L091,20,F1,0.42708824
L091,20,F2,0.35469013
L091,20,F3,0.36898252
L091,20,F4,0.45574251
L091,20,F5,0.35142485
L091,20,F6,0.52624455
L091,20,F7,0.33001748
L091,20,F8,0.36541791
L092,10,F1,0.30463975
L092,10,F2,0.32512071
L092,10,F3,0.27455048
L092,10,F4,0.37502913
L092,10,F5,0.49389797
L092,10,F6,0.27078373
L092,10,F7,0.28137865
L092,10,F8,0.24697172
L092,20,F1,0.40503847
L092,20,F2,0.45533861
L092,20,F3,0.38502566
L092,20,F4,0.37669129
L092,20,F5,0.47115563
L092,20,F6,0.47951251
L092,20,F7,0.39192322
L092,20,F8,0.34509727
L093,10,F1,0.35914577
L093,10,F2,0.48639882
L093,10,F3,0.25518458
L093,10,F4,0.29638206
L093,10,F5,0.59645664
L093,10,F6,0.2735269
L093,10,F7,0.52790867
L093,10,F8,0.38184011
L093,20,F1,0.74651637
L093,20,F2,0.59420027
L093,20,F3,0.49366118
L093,20,F4,0.52566816
L093,20,F5,0.57488262
L093,20,F6,0.51638222
L093,20,F7,0.51857146
L093,20,F8,0.64682758
L094,10,F1,0.2697925
L094,10,F2,0.28773856
L094,10,F3,0.46310539
L094,10,F4,0.43764079
L094,10,F5,0.28913825
L094,10,F6,0.36274954
L094,10,F7,0.52955489
L094,10,F8,0.29310798
L094,20,F1,0.35675458
L094,20,F2,0.43429685
L094,20,F3,0.62592877
L094,20,F4,0.53789379
L094,20,F5,0.33957893
L094,20,F6,0.56137011
L094,20,F7,0.48733548
L094,20,F8,0.48795153
L095,10,F1,0.27103236
L095,10,F2,0.25372506
L095,10,F3,0.50266443
L095,10,F4,0.26243117
L095,10,F5,0.28664155
L095,10,F6,0.45525074
L095,10,F7,0.37950329
L095,10,F8,0.30612378
L095,20,F1,0.32734613
L095,20,F2,0.31326552
L095,20,F3,0.52822101
L095,20,F4,0.44568777
L095,20,F5,0.39513939
L095,20,F6,0.48189527
L095,20,F7,0.44854005
L095,20,F8,0.40359986
L096,10,F1,0.59538788
L096,10,F2,0.57429574
L096,10,F3,0.31400284
L096,10,F4,0.4624292
L096,10,F5,0.58356345
L096,10,F6,0.46790435
L096,10,F7,0.45451847
L096,10,F8,0.33807651
L096,20,F1,0.73733303
L096,20,F2,0.70618732
L096,20,F3,0.60853459
L096,20,F4,0.6592886
L096,20,F5,0.63088843
L096,20,F6,0.64232559
L096,20,F7,0.6672361
L096,20,F8,0.64723821
L097,10,F1,0.31968589
L097,10,F2,0.30716013
L097,10,F3,0.42078688
L097,10,F4,0.28017389
L097,10,F5,0.50421364
L097,10,F6,0.34848618
L097,10,F7,0.57901211
L097,10,F8,0.52224415
L097,20,F1,0.52386055
L097,20,F2,0.54666531
L097,20,F3,0.52597044
L097,20,F4,0.34869231
L097,20,F5,0.47937384
L097,20,F6,0.51696093
L097,20,F7,0.7062546
L097,20,F8,0.49449095
L098,10,F1,0.33332556
L098,10,F2,0.22631654
L098,10,F3,0.46074246
L098,10,F4,0.48540477
L098,10,F5,0.27317607
L098,10,F6,0.360061
L098,10,F7,0.49746088
L098,10,F8,0.2884883
L098,20,F1,0.52555981
L098,20,F2,0.30964126
L098,20,F3,0.43675781
L098,20,F4,0.62365725
L098,20,F5,0.43919957
L098,20,F6,0.35291869
L098,20,F7,0.53973203
L098,20,F8,0.544903
L099,10,F1,0.28828658
L099,10,F2,0.26342074
L099,10,F3,0.2395194
L099,10,F4,0.29769963
L099,10,F5,0.23491611
L099,10,F6,0.38588101
L099,10,F7,0.47304478
L099,10,F8,0.42558429
L099,20,F1,0.3376873
L099,20,F2,0.5406073
L099,20,F3,0.51253583
L099,20,F4,0.348163
L099,20,F5,0.4990219
L099,20,F6,0.38407775
L099,20,F7,0.4577121
L099,20,F8,0.58843574
L100,10,F1,0.3071839
L100,10,F2,0.61530495
L100,10,F3,0.49395805
L100,10,F4,0.29692932
L100,10,F5,0.44848505
L100,10,F6,0.30228028
L100,10,F7,0.48323809
L100,10,F8,0.32538583
L100,20,F1,0.37331687
L100,20,F2,0.65116416
L100,20,F3,0.59437396
L100,20,F4,0.36779647
L100,20,F5,0.44089617
L100,20,F6,0.69145046
L100,20,F7,0.59541307
L100,20,F8,0.53252678
L101,10,F1,0.3891297
L101,10,F2,0.46118352
L101,10,F3,0.28023409
L101,10,F4,0.46007187
L101,10,F5,0.55539112
L101,10,F6,0.48424256
L101,10,F7,0.2421672
L101,10,F8,0.50259373
L101,20,F1,0.66091668
L101,20,F2,0.67524944
L101,20,F3,0.65726073
L101,20,F4,0.711715
L101,20,F5,0.73390318
L101,20,F6,0.61367735
L101,20,F7,0.6057397
L101,20,F8,0.61893706
L102,10,F1,0.33194717
L102,10,F2,0.50367698
L102,10,F3,0.2454076
L102,10,F4,0.39311466
L102,10,F5,0.34187181
L102,10,F6,0.22244983
L102,10,F7,0.27386013
L102,10,F8,0.31009783
L102,20,F1,0.35934826
L102,20,F2,0.60274979
L102,20,F3,0.44893401
L102,20,F4,0.52492897
L102,20,F5,0.37065331
L102,20,F6,0.33722585
L102,20,F7,0.34803162
L102,20,F8,0.45977739
L103,10,F1,0.27368598
L103,10,F2,0.22295944
L103,10,F3,0.49459778
L103,10,F4,0.22630112
L103,10,F5,0.51217143
L103,10,F6,0.3160953
L103,10,F7,0.26643503
L103,10,F8,0.24331114
L103,20,F1,0.46916847
L103,20,F2,0.52299457
L103,20,F3,0.47883645
L103,20,F4,0.54251632
L103,20,F5,0.63449989
L103,20,F6,0.37283347
L103,20,F7,0.29644025
L103,20,F8,0.41013386
L104,10,F1,0.23602409
L104,10,F2,0.24615078
L104,10,F3,0.31474363
L104,10,F4,0.23241059
L104,10,F5,0.40586719
L104,10,F6,0.24378253
L104,10,F7,0.40936573
L104,10,F8,0.27052451
L104,20,F1,0.3833292
L104,20,F2,0.30601648
L104,20,F3,0.43491442
L104,20,F4,0.51061455
L104,20,F5,0.55430715
L104,20,F6,0.53890666
L104,20,F7,0.4929507
L104,20,F8,0.55063046
L105,10,F1,0.30453503
L105,10,F2,0.31780486
L105,10,F3,0.23092392
L105,10,F4,0.18814093
L105,10,F5,0.20220929
L105,10,F6,0.20128589
L105,10,F7,0.33575861
L105,10,F8,0.19173333
L105,20,F1,0.40546828
L105,20,F2,0.40318057
L105,20,F3,0.24690341
L105,20,F4,0.23720456
L105,20,F5,0.3356768
L105,20,F6,0.3872809
L105,20,F7,0.51668598
L105,20,F8,0.2428637
L106,10,F1,0.31892678
L106,10,F2,0.28546715
L106,10,F3,0.22676448
L106,10,F4,0.37577606
L106,10,F5,0.36696753
L106,10,F6,0.17171242
L106,10,F7,0.2163604
L106,10,F8,0.33183784
L106,20,F1,0.55606425
L106,20,F2,0.30452188
L106,20,F3,0.38533872
L106,20,F4,0.37255352
L106,20,F5,0.36363561
L106,20,F6,0.52196598
L106,20,F7,0.31204892
L106,20,F8,0.34355506
L107,10,F1,0.2985829
L107,10,F2,0.29006442
L107,10,F3,0.40839348
L107,10,F4,0.24842218
L107,10,F5,0.39121258
L107,10,F6,0.43562696
L107,10,F7,0.28147461
L107,10,F8,0.51091672
L107,20,F1,0.46203765
L107,20,F2,0.35879889
L107,20,F3,0.42299512
L107,20,F4,0.44651392
L107,20,F5,0.51242834
L107,20,F6,0.44297075
L107,20,F7,0.38349902
L107,20,F8,0.51000912
L108,10,F1,0.39981378
L108,10,F2,0.27303077
L108,10,F3,0.60819298
L108,10,F4,0.38309185
L108,10,F5,0.49664475
L108,10,F6,0.45456834
L108,10,F7,0.47506707
L108,10,F8,0.48842568
L108,20,F1,0.5346624
L108,20,F2,0.62933435
L108,20,F3,0.65752912
L108,20,F4,0.52804548
L108,20,F5,0.71812942
L108,20,F6,0.66145177
L108,20,F7,0.62121644
L108,20,F8,0.66626238
L109,10,F1,0.36042694
L109,10,F2,0.541894
L109,10,F3,0.25893607
L109,10,F4,0.3581736
L109,10,F5,0.39457154
L109,10,F6,0.45913136
L109,10,F7,0.3646771
L109,10,F8,0.48656133
L109,20,F1,0.57629934
L109,20,F2,0.52591338
L109,20,F3,0.45086217
L109,20,F4,0.68486981
L109,20,F5,0.54654419
L109,20,F6,0.64007276
L109,20,F7,0.41007697
L109,20,F8,0.65171272
L110,10,F1,0.4600145
L110,10,F2,0.29309677
L110,10,F3,0.4396082
L110,10,F4,0.26111974
L110,10,F5,0.3800939
L110,10,F6,0.41380408
L110,10,F7,0.24011803
L110,10,F8,0.33664434
L110,20,F1,0.45207004
L110,20,F2,0.4033678
L110,20,F3,0.51043262
L110,20,F4,0.42283724
L110,20,F5,0.46876238
L110,20,F6,0.48788367
L110,20,F7,0.41421103
L110,20,F8,0.43834021
L111,10,F1,0.37739547
L111,10,F2,0.25017496
L111,10,F3,0.43824875
L111,10,F4,0.51350133
L111,10,F5,0.4303954
L111,10,F6,0.29710859
L111,10,F7,0.27511479
L111,10,F8,0.4110063
L111,20,F1,0.54784828
L111,20,F2,0.49035167
L111,20,F3,0.43793122
L111,20,F4,0.49818997
L111,20,F5,0.51427381
L111,20,F6,0.43472151
L111,20,F7,0.40447956
L111,20,F8,0.41539547
L112,10,F1,0.36784954
L112,10,F2,0.55604102
L112,10,F3,0.22262018
L112,10,F4,0.3862335
L112,10,F5,0.24962275
L112,10,F6,0.22626432
L112,10,F7,0.20528894
L112,10,F8,0.36842544
L112,20,F1,0.48763731
L112,20,F2,0.61561356
L112,20,F3,0.29110869
L112,20,F4,0.49641473
L112,20,F5,0.39734514
L112,20,F6,0.50149505
L112,20,F7,0.30446112
L112,20,F8,0.38623306
L113,10,F1,0.43535292
L113,10,F2,0.24190691
L113,10,F3,0.4292396
L113,10,F4,0.42303642
L113,10,F5,0.31407645
L113,10,F6,0.25432973
L113,10,F7,0.56416019
L113,10,F8,0.54371334
L113,20,F1,0.42335908
L113,20,F2,0.3358028
L113,20,F3,0.54293539
L113,20,F4,0.41164249
L113,20,F5,0.47947698
L113,20,F6,0.43997563
L113,20,F7,0.59441476
L113,20,F8,0.49959825
L114,10,F1,0.50745436
L114,10,F2,0.34691618
L114,10,F3,0.32346416
L114,10,F4,0.42983523
L114,10,F5,0.3308535
L114,10,F6,0.34044923
L114,10,F7,0.45854476
L114,10,F8,0.29113677
L114,20,F1,0.62496153
L114,20,F2,0.44949775
L114,20,F3,0.45693709
L114,20,F4,0.5824779
L114,20,F5,0.4886107
L114,20,F6,0.44419772
L114,20,F7,0.53103513
L114,20,F8,0.42876854
L115,10,F1,0.51015118
L115,10,F2,0.34772831
L115,10,F3,0.48131218
L115,10,F4,0.45413846
L115,10,F5,0.30177059
L115,10,F6,0.59560469
L115,10,F7,0.36285973
L115,10,F8,0.32745296
L115,20,F1,0.60036322
L115,20,F2,0.40820114
L115,20,F3,0.6783422
L115,20,F4,0.64522353
L115,20,F5,0.47091959
L115,20,F6,0.73122844
L115,20,F7,0.7173366
L115,20,F8,0.4228112
L116,10,F1,0.55162461
L116,10,F2,0.26616043
L116,10,F3,0.23752744
L116,10,F4,0.28085124
L116,10,F5,0.29747099
L116,10,F6,0.39805276
L116,10,F7,0.42201616
L116,10,F8,0.22261791
L116,20,F1,0.64616929
L116,20,F2,0.38693032
L116,20,F3,0.60722183
L116,20,F4,0.48364471
L116,20,F5,0.49228545
L116,20,F6,0.56136312
L116,20,F7,0.40576625
L116,20,F8,0.51929983
L117,10,F1,0.26661546
L117,10,F2,0.23672231
L117,10,F3,0.24701026
L117,10,F4,0.23450436
L117,10,F5,0.38864149
L117,10,F6,0.37139514
L117,10,F7,0.44537694
L117,10,F8,0.35783463
L117,20,F1,0.3991776
L117,20,F2,0.34297182
L117,20,F3,0.40373736
L117,20,F4,0.36777238
L117,20,F5,0.5507586
L117,20,F6,0.38343879
L117,20,F7,0.51549016
L117,20,F8,0.53562155
L118,10,F1,0.21895746
L118,10,F2,0.38663909
L118,10,F3,0.28209492
L118,10,F4,0.49178303
L118,10,F5,0.33465771
L118,10,F6,0.34914942
L118,10,F7,0.212812
L118,10,F8,0.23194547
L118,20,F1,0.3080849
L118,20,F2,0.38237779
L118,20,F3,0.3284033
L118,20,F4,0.46352976
L118,20,F5,0.34183709
L118,20,F6,0.4709944
L118,20,F7,0.47561575
L118,20,F8,0.28847754
L119,10,F1,0.31639314
L119,10,F2,0.25004657
L119,10,F3,0.23359396
L119,10,F4,0.19522872
L119,10,F5,0.38000406
L119,10,F6,0.33156163
L119,10,F7,0.30020457
L119,10,F8,0.48737766
L119,20,F1,0.41491114
L119,20,F2,0.47259395
L119,20,F3,0.29246044
L119,20,F4,0.23473147
L119,20,F5,0.45077873
L119,20,F6,0.31502806
L119,20,F7,0.48049156
L119,20,F8,0.55389516
L120,10,F1,0.2211572
L120,10,F2,0.545944
L120,10,F3,0.3162693
L120,10,F4,0.35645442
L120,10,F5,0.28538463
L120,10,F6,0.31023501
L120,10,F7,0.33539005
L120,10,F8,0.31548548
L120,20,F1,0.47096429
L120,20,F2,0.62469657
L120,20,F3,0.34567048
L120,20,F4,0.56786816
L120,20,F5,0.43356357
L120,20,F6,0.57786249
L120,20,F7,0.48005932
L120,20,F8,0.34766023
L121,10,F1,0.47735209
L121,10,F2,0.47752117
L121,10,F3,0.49284029
L121,10,F4,0.27073931
L121,10,F5,0.27164063
L121,10,F6,0.31694839
L121,10,F7,0.57942498
L121,10,F8,0.69492706
L121,20,F1,0.67084903
L121,20,F2,0.58855341
L121,20,F3,0.69378018
L121,20,F4,0.52422174
L121,20,F5,0.53129124
L121,20,F6,0.49587137
L121,20,F7,0.69823312
L121,20,F8,0.76792579
L122,10,F1,0.27170856
L122,10,F2,0.34103762
L122,10,F3,0.32999461
L122,10,F4,0.49978577
L122,10,F5,0.24502519
L122,10,F6,0.43696086
L122,10,F7,0.3313476
L122,10,F8,0.51164673
L122,20,F1,0.44923668
L122,20,F2,0.38037279
L122,20,F3,0.36808738
L122,20,F4,0.47226569
L122,20,F5,0.41876659
L122,20,F6,0.41831403
L122,20,F7,0.44932836
L122,20,F8,0.64867366
L123,10,F1,0.21989823
L123,10,F2,0.27350098
L123,10,F3,0.49273416
L123,10,F4,0.42448428
L123,10,F5,0.32304667
L123,10,F6,0.24003423
L123,10,F7,0.22660432
L123,10,F8,0.3204522
L123,20,F1,0.30119211
L123,20,F2,0.28264032
L123,20,F3,0.4502045
L123,20,F4,0.4795833
L123,20,F5,0.53174199
L123,20,F6,0.35859236
L123,20,F7,0.30197197
L123,20,F8,0.50909525
L124,10,F1,0.45690809
L124,10,F2,0.3150105
L124,10,F3,0.44354386
L124,10,F4,0.50452551
L124,10,F5,0.29829542
L124,10,F6,0.35581205
L124,10,F7,0.57874143
L124,10,F8,0.37322974
L124,20,F1,0.57198352
L124,20,F2,0.66720331
L124,20,F3,0.57271999
L124,20,F4,0.49838816
L124,20,F5,0.53052458
L124,20,F6,0.59299317
L124,20,F7,0.65478653
L124,20,F8,0.42520398
L125,10,F1,0.31864633
L125,10,F2,0.24570504
L125,10,F3,0.42004801
L125,10,F4,0.28162372
L125,10,F5,0.25593218
L125,10,F6,0.31948143
L125,10,F7,0.41238761
L125,10,F8,0.44080456
L125,20,F1,0.59470019
L125,20,F2,0.57816846
L125,20,F3,0.44503262
L125,20,F4,0.39457933
L125,20,F5,0.55252671
L125,20,F6,0.52676925
L125,20,F7,0.56160331
L125,20,F8,0.56265076
L126,10,F1,0.28390508
L126,10,F2,0.42607509
L126,10,F3,0.46100502
L126,10,F4,0.3257814
L126,10,F5,0.31184164
L126,10,F6,0.25739551
L126,10,F7,0.5168784
L126,10,F8,0.32606148
L126,20,F1,0.64613622
L126,20,F2,0.66026175
L126,20,F3,0.60325757
L126,20,F4,0.40628564
L126,20,F5,0.61420616
L126,20,F6,0.4899334
L126,20,F7,0.53004929
L126,20,F8,0.36915881
L127,10,F1,0.31634254
L127,10,F2,0.43977045
L127,10,F3,0.57444944
L127,10,F4,0.30383605
L127,10,F5,0.35954286
L127,10,F6,0.29223585
L127,10,F7,0.50879836
L127,10,F8,0.34217526
L127,20,F1,0.60567748
L127,20,F2,0.53523402
L127,20,F3,0.71812397
L127,20,F4,0.49406569
L127,20,F5,0.55912896
L127,20,F6,0.45248659
L127,20,F7,0.67446767
L127,20,F8,0.47804726
L128,10,F1,0.24716368
L128,10,F2,0.44439042
L128,10,F3,0.28729241
L128,10,F4,0.25554218
L128,10,F5,0.4309562
L128,10,F6,0.23699378
L128,10,F7,0.23904758
L128,10,F8,0.52792332
L128,20,F1,0.33563121
L128,20,F2,0.66241593
L128,20,F3,0.33199857
L128,20,F4,0.45652582
L128,20,F5,0.44251832
L128,20,F6,0.45914421
L128,20,F7,0.5077366
L128,20,F8,0.60991491
L129,10,F1,0.47188188
L129,10,F2,0.31591076
L129,10,F3,0.4807665
L129,10,F4,0.3025317
L129,10,F5,0.40197516
L129,10,F6,0.44495024
L129,10,F7,0.32392728
L129,10,F8,0.32558099
L129,20,F1,0.52538785
L129,20,F2,0.54475904
L129,20,F3,0.44365453
L129,20,F4,0.40694691
L129,20,F5,0.48860361
L129,20,F6,0.51274703
L129,20,F7,0.35859089
L129,20,F8,0.56697898
L130,10,F1,0.30549195
L130,10,F2,0.26069991
L130,10,F3,0.48756357
L130,10,F4,0.25812952
L130,10,F5,0.20307202
L130,10,F6,0.18112349
L130,10,F7,0.32313467
L130,10,F8,0.34930734
L130,20,F1,0.29727588
L130,20,F2,0.35744025
L130,20,F3,0.42594479
L130,20,F4,0.25565582
L130,20,F5,0.2916376
L130,20,F6,0.33481704
L130,20,F7,0.302437
L130,20,F8,0.40275426
L131,10,F1,0.44588801
L131,10,F2,0.32794139
L131,10,F3,0.30401074
L131,10,F4,0.34204852
L131,10,F5,0.54633904
L131,10,F6,0.2357061
L131,10,F7,0.39139578
L131,10,F8,0.44733227
L131,20,F1,0.52774538
L131,20,F2,0.56488216
L131,20,F3,0.46735051
L131,20,F4,0.52623392
L131,20,F5,0.58084262
L131,20,F6,0.43266421
L131,20,F7,0.37544649
L131,20,F8,0.61409406
L132,10,F1,0.46721303
L132,10,F2,0.39099932
L132,10,F3,0.58634765
L132,10,F4,0.57714395
L132,10,F5,0.22997327
L132,10,F6,0.51567324
L132,10,F7,0.23557948
L132,10,F8,0.41715757
L132,20,F1,0.46877671
L132,20,F2,0.60991137
L132,20,F3,0.70386506
L132,20,F4,0.63033658
L132,20,F5,0.58020454
L132,20,F6,0.50513585
L132,20,F7,0.34680929
L132,20,F8,0.43198
L133,10,F1,0.35603458
L133,10,F2,0.500378
L133,10,F3,0.30115562
L133,10,F4,0.32661073
L133,10,F5,0.4587997
L133,10,F6,0.28711942
L133,10,F7,0.40127227
L133,10,F8,0.53653238
L133,20,F1,0.37124168
L133,20,F2,0.47838897
L133,20,F3,0.66332365
L133,20,F4,0.38104265
L133,20,F5,0.44603672
L133,20,F6,0.45719678
L133,20,F7,0.40958095
L133,20,F8,0.50743091
L134,10,F1,0.25447179
L134,10,F2,0.2609648
L134,10,F3,0.48153537
L134,10,F4,0.24042858
L134,10,F5,0.24404156
L134,10,F6,0.59538241
L134,10,F7,0.44663436
L134,10,F8,0.29481123
L134,20,F1,0.32871326
L134,20,F2,0.33359571
L134,20,F3,0.58494119
L134,20,F4,0.32167741
L134,20,F5,0.4521311
L134,20,F6,0.72892722
L134,20,F7,0.66234922
L134,20,F8,0.33362237
L135,10,F1,0.36255596
L135,10,F2,0.38480096
L135,10,F3,0.45268348
L135,10,F4,0.3790381
L135,10,F5,0.47667997
L135,10,F6,0.27144073
L135,10,F7,0.44544832
L135,10,F8,0.55040161
L135,20,F1,0.39433557
L135,20,F2,0.40683349
L135,20,F3,0.42386374
L135,20,F4,0.52957145
L135,20,F5,0.44257244
L135,20,F6,0.44635962
L135,20,F7,0.51823075
L135,20,F8,0.49845554
L136,10,F1,0.40459633
L136,10,F2,0.26512926
L136,10,F3,0.2512207
L136,10,F4,0.38622546
L136,10,F5,0.39172465
L136,10,F6,0.30946613
L136,10,F7,0.28630579
L136,10,F8,0.40550323
L136,20,F1,0.39905394
L136,20,F2,0.31769414
L136,20,F3,0.34265628
L136,20,F4,0.39062893
L136,20,F5,0.39319085
L136,20,F6,0.32601965
L136,20,F7,0.5504824
L136,20,F8,0.40290124
L137,10,F1,0.40813746
L137,10,F2,0.37454687
L137,10,F3,0.28349322
L137,10,F4,0.33744103
L137,10,F5,0.21811874
L137,10,F6,0.25637417
L137,10,F7,0.22822173
L137,10,F8,0.49054349
L137,20,F1,0.4717665
L137,20,F2,0.45323155
L137,20,F3,0.47881409
L137,20,F4,0.44228979
L137,20,F5,0.29617623
L137,20,F6,0.47921898
L137,20,F7,0.30699616
L137,20,F8,0.52859518
L138,10,F1,0.18333969
L138,10,F2,0.22970013
L138,10,F3,0.38832815
L138,10,F4,0.27428748
L138,10,F5,0.16994771
L138,10,F6,0.33798786
L138,10,F7,0.34351166
L138,10,F8,0.30121534
L138,20,F1,0.33818888
L138,20,F2,0.35440779
L138,20,F3,0.45703308
L138,20,F4,0.39066815
L138,20,F5,0.27687506
L138,20,F6,0.33211556
L138,20,F7,0.43322612
L138,20,F8,0.30743112
L139,10,F1,0.40667719
L139,10,F2,0.24854117
L139,10,F3,0.44954173
L139,10,F4,0.30054161
L139,10,F5,0.35021132
L139,10,F6,0.37479517
L139,10,F7,0.44536226
L139,10,F8,0.42833876
L139,20,F1,0.60399096
L139,20,F2,0.45772275
L139,20,F3,0.54563397
L139,20,F4,0.50159283
L139,20,F5,0.36274377
L139,20,F6,0.38047633
L139,20,F7,0.53631512
L139,20,F8,0.54223909
L140,10,F1,0.36952372
L140,10,F2,0.35103682
L140,10,F3,0.25098984
L140,10,F4,0.24354042
L140,10,F5,0.46696508
L140,10,F6,0.44383552
L140,10,F7,0.43643406
L140,10,F8,0.19914586
L140,20,F1,0.46668827
L140,20,F2,0.46147547
L140,20,F3,0.307068
L140,20,F4,0.29961476
L140,20,F5,0.4568414
L140,20,F6,0.43726635
L140,20,F7,0.51645468
L140,20,F8,0.39245956
L141,10,F1,0.35990545
L141,10,F2,0.35404483
L141,10,F3,0.48585797
L141,10,F4,0.3763586
L141,10,F5,0.35842008
L141,10,F6,0.39505257
L141,10,F7,0.32391025
L141,10,F8,0.41833438
L141,20,F1,0.62388122
L141,20,F2,0.66637815
L141,20,F3,0.59446472
L141,20,F4,0.56496188
L141,20,F5,0.61107073
L141,20,F6,0.53610812
L141,20,F7,0.62459796
L141,20,F8,0.55070165
L142,10,F1,0.4625823
L142,10,F2,0.49462401
L142,10,F3,0.4845422
L142,10,F4,0.42873493
L142,10,F5,0.56033586
L142,10,F6,0.45221119
L142,10,F7,0.35217684
L142,10,F8,0.42759976
L142,20,F1,0.57424048
L142,20,F2,0.62136635
L142,20,F3,0.66764024
L142,20,F4,0.75119659
L142,20,F5,0.69679937
L142,20,F6,0.55550143
L142,20,F7,0.52288062
L142,20,F8,0.54348848
L143,10,F1,0.34205293
L143,10,F2,0.49290277
L143,10,F3,0.33251757
L143,10,F4,0.37442959
L143,10,F5,0.59784764
L143,10,F6,0.46366599
L143,10,F7,0.45980159
L143,10,F8,0.34391779
L143,20,F1,0.60927528
L143,20,F2,0.4679817
L143,20,F3,0.4634158
L143,20,F4,0.43917941
L143,20,F5,0.68735999
L143,20,F6,0.54515296
L143,20,F7,0.45041333
L143,20,F8,0.68335144
L144,10,F1,0.25602856
L144,10,F2,0.21244939
L144,10,F3,0.24373892
L144,10,F4,0.26371154
L144,10,F5,0.31132307
L144,10,F6,0.20322489
L144,10,F7,0.32312136
L144,10,F8,0.31665487
L144,20,F1,0.41467828
L144,20,F2,0.53599735
L144,20,F3,0.39113311
L144,20,F4,0.28925962
L144,20,F5,0.45723065
L144,20,F6,0.30625347
L144,20,F7,0.43722467
L144,20,F8,0.4345014
L145,10,F1,0.42016762
L145,10,F2,0.44409002
L145,10,F3,0.44195501
L145,10,F4,0.37287904
L145,10,F5,0.59435113
L145,10,F6,0.58130504
L145,10,F7,0.39798751
L145,10,F8,0.49242253
L145,20,F1,0.73545074
L145,20,F2,0.48761488
L145,20,F3,0.48691348
L145,20,F4,0.60802513
L145,20,F5,0.66524915
L145,20,F6,0.65172717
L145,20,F7,0.64471163
L145,20,F8,0.50439035
L146,10,F1,0.36676679
L146,10,F2,0.23434766
L146,10,F3,0.33945197
L146,10,F4,0.3710963
L146,10,F5,0.35933133
L146,10,F6,0.20865036
L146,10,F7,0.21975295
L146,10,F8,0.22693967
L146,20,F1,0.43172844
L146,20,F2,0.2476833
L146,20,F3,0.41398985
L146,20,F4,0.35840158
L146,20,F5,0.53408507
L146,20,F6,0.4152239
L146,20,F7,0.43885667
L146,20,F8,0.38388666
L147,10,F1,0.29023306
L147,10,F2,0.28078955
L147,10,F3,0.37023766
L147,10,F4,0.27359629
L147,10,F5,0.28770496
L147,10,F6,0.28862785
L147,10,F7,0.34845076
L147,10,F8,0.28681428
L147,20,F1,0.3131631
L147,20,F2,0.30598901
L147,20,F3,0.44731489
L147,20,F4,0.36846376
L147,20,F5,0.31532462
L147,20,F6,0.29171683
L147,20,F7,0.42936839
L147,20,F8,0.31286743
L148,10,F1,0.21480598
L148,10,F2,0.42035598
L148,10,F3,0.41821917
L148,10,F4,0.27236064
L148,10,F5,0.28263651
L148,10,F6,0.48259367
L148,10,F7,0.40356802
L148,10,F8,0.24404864
L148,20,F1,0.26849114
L148,20,F2,0.40875308
L148,20,F3,0.48623122
L148,20,F4,0.42419293
L148,20,F5,0.32356369
L148,20,F6,0.45041928
L148,20,F7,0.48073739
L148,20,F8,0.50561028
L149,10,F1,0.32098307
L149,10,F2,0.38639353
L149,10,F3,0.32486883
L149,10,F4,0.21635448
L149,10,F5,0.19158374
L149,10,F6,0.57581573
L149,10,F7,0.30433195
L149,10,F8,0.27976854
L149,20,F1,0.54454381
L149,20,F2,0.48900612
L149,20,F3,0.33036382
L149,20,F4,0.44646794
L149,20,F5,0.29277838
L149,20,F6,0.52241454
L149,20,F7,0.3170959
L149,20,F8,0.41432149
L150,10,F1,0.24078801
L150,10,F2,0.28119089
L150,10,F3,0.26948348
L150,10,F4,0.32083361
L150,10,F5,0.27471973
L150,10,F6,0.27565838
L150,10,F7,0.30684907
L150,10,F8,0.40182631
L150,20,F1,0.43744655
L150,20,F2,0.52709713
L150,20,F3,0.3643906
L150,20,F4,0.34740678
L150,20,F5,0.30558864
L150,20,F6,0.56353608
L150,20,F7,0.33413913
L150,20,F8,0.41243531
L151,10,F1,0.4414247
L151,10,F2,0.44236904
L151,10,F3,0.35086328
L151,10,F4,0.30775836
L151,10,F5,0.24586191
L151,10,F6,0.53291948
L151,10,F7,0.42781583
L151,10,F8,0.32100343
L151,20,F1,0.6251638
L151,20,F2,0.54272517
L151,20,F3,0.70205398
L151,20,F4,0.521395
L151,20,F5,0.43230504
L151,20,F6,0.66709687
L151,20,F7,0.51300054
L151,20,F8,0.48692719
L152,10,F1,0.25243809
L152,10,F2,0.39268618
L152,10,F3,0.46921786
L152,10,F4,0.19768044
L152,10,F5,0.24775376
L152,10,F6,0.20924398
L152,10,F7,0.33298881
L152,10,F8,0.29243283
L152,20,F1,0.48165871
L152,20,F2,0.52236123
L152,20,F3,0.50258907
L152,20,F4,0.27944189
L152,20,F5,0.28972422
L152,20,F6,0.36676452
L152,20,F7,0.42782119
L152,20,F8,0.29481334
L153,10,F1,0.31369392
L153,10,F2,0.26865818
L153,10,F3,0.30612361
L153,10,F4,0.41443666
L153,10,F5,0.35953922
L153,10,F6,0.30232913
L153,10,F7,0.28994993
L153,10,F8,0.31213484
L153,20,F1,0.36152796
L153,20,F2,0.42957489
L153,20,F3,0.35369072
L153,20,F4,0.41932012
L153,20,F5,0.47953373
L153,20,F6,0.45871651
L153,20,F7,0.42177448
L153,20,F8,0.52668827
L154,10,F1,0.18610196
L154,10,F2,0.25348048
L154,10,F3,0.24413843
L154,10,F4,0.42985025
L154,10,F5,0.43034553
L154,10,F6,0.4209214
L154,10,F7,0.51657474
L154,10,F8,0.23359801
L154,20,F1,0.54362677
L154,20,F2,0.42837843
L154,20,F3,0.47281816
L154,20,F4,0.53070064
L154,20,F5,0.62883271
L154,20,F6,0.56986563
L154,20,F7,0.60499071
L154,20,F8,0.45842183
L155,10,F1,0.28946085
L155,10,F2,0.24551793
L155,10,F3,0.30264736
L155,10,F4,0.41761643
L155,10,F5,0.25530775
L155,10,F6,0.27814593
L155,10,F7,0.26332153
L155,10,F8,0.25847242
L155,20,F1,0.43078054
L155,20,F2,0.42643495
L155,20,F3,0.43524732
L155,20,F4,0.5271448
L155,20,F5,0.43932445
L155,20,F6,0.52508543
L155,20,F7,0.44875379
L155,20,F8,0.43024407
L156,10,F1,0.32128212
L156,10,F2,0.35360289
L156,10,F3,0.3608621
L156,10,F4,0.21983491
L156,10,F5,0.36938936
L156,10,F6,0.24546367
L156,10,F7,0.19686496
L156,10,F8,0.48068078
L156,20,F1,0.30235399
L156,20,F2,0.50320006
L156,20,F3,0.47615765
L156,20,F4,0.32678907
L156,20,F5,0.41140728
L156,20,F6,0.41836431
L156,20,F7,0.34068947
L156,20,F8,0.49209194
L157,10,F1,0.31906509
L157,10,F2,0.56250911
L157,10,F3,0.42032786
L157,10,F4,0.29799943
L157,10,F5,0.4415926
L157,10,F6,0.25282619
L157,10,F7,0.31281434
L157,10,F8,0.33804059
L157,20,F1,0.49233565
L157,20,F2,0.70244627
L157,20,F3,0.61379015
L157,20,F4,0.44191758
L157,20,F5,0.44711593
L157,20,F6,0.3509508
L157,20,F7,0.48297575
L157,20,F8,0.47045709
L158,10,F1,0.5965558
L158,10,F2,0.24162678
L158,10,F3,0.36664357
L158,10,F4,0.35763435
L158,10,F5,0.3252374
L158,10,F6,0.31151731
L158,10,F7,0.4538499
L158,10,F8,0.25854041
L158,20,F1,0.70899334
L158,20,F2,0.4757162
L158,20,F3,0.51659073
L158,20,F4,0.38716981
L158,20,F5,0.49961941
L158,20,F6,0.38701774
L158,20,F7,0.46254006
L158,20,F8,0.51973314
L159,10,F1,0.37809087
L159,10,F2,0.3085643
L159,10,F3,0.42627412
L159,10,F4,0.43564589
L159,10,F5,0.44360883
L159,10,F6,0.29372307
L159,10,F7,0.3092005
L159,10,F8,0.41522475
L159,20,F1,0.51160025
L159,20,F2,0.51359785
L159,20,F3,0.49329791
L159,20,F4,0.40445305
L159,20,F5,0.4133983
L159,20,F6,0.41954388
L159,20,F7,0.52804556
L159,20,F8,0.3903752
L160,10,F1,0.45993207
L160,10,F2,0.36624998
L160,10,F3,0.44933298
L160,10,F4,0.39893954
L160,10,F5,0.40251032
L160,10,F6,0.46596155
L160,10,F7,0.4741097
L160,10,F8,0.34340442
L160,20,F1,0.53727188
L160,20,F2,0.55443801
L160,20,F3,0.5524549
L160,20,F4,0.58830751
L160,20,F5,0.54753232
L160,20,F6,0.63586214
L160,20,F7,0.64765111
L160,20,F8,0.57939874
L161,10,F1,0.41796998
L161,10,F2,0.39276526
L161,10,F3,0.45933878
L161,10,F4,0.27269983
L161,10,F5,0.38212103
L161,10,F6,0.31939279
L161,10,F7,0.2650828
L161,10,F8,0.43227113
L161,20,F1,0.5816762
L161,20,F2,0.57860328
L161,20,F3,0.52708316
L161,20,F4,0.48005789
L161,20,F5,0.50590202
L161,20,F6,0.35980646
L161,20,F7,0.58799538
L161,20,F8,0.53325761
L162,10,F1,0.33436269
L162,10,F2,0.31090973
L162,10,F3,0.2374579
L162,10,F4,0.22703109
L162,10,F5,0.31738505
L162,10,F6,0.31509232
L162,10,F7,0.25485255
L162,10,F8,0.44606612
L162,20,F1,0.34519077
L162,20,F2,0.43519062
L162,20,F3,0.4020159
L162,20,F4,0.36679122
L162,20,F5,0.33048441
L162,20,F6,0.46658575
L162,20,F7,0.33755539
L162,20,F8,0.52758759
L163,10,F1,0.49975373
L163,10,F2,0.3374049
L163,10,F3,0.3179482
L163,10,F4,0.48939257
L163,10,F5,0.36786684
L163,10,F6,0.32324819
L163,10,F7,0.51017105
L163,10,F8,0.46383063
L163,20,F1,0.69687286
L163,20,F2,0.54226864
L163,20,F3,0.71015319
L163,20,F4,0.62253522
L163,20,F5,0.67497264
L163,20,F6,0.53903016
L163,20,F7,0.51587918
L163,20,F8,0.67231318
L164,10,F1,0.43928472
L164,10,F2,0.23559747
L164,10,F3,0.39501532
L164,10,F4,0.42642475
L164,10,F5,0.37580717
L164,10,F6,0.39973456
L164,10,F7,0.2661729
L164,10,F8,0.36081339
L164,20,F1,0.5356888
L164,20,F2,0.31639976
L164,20,F3,0.53098234
L164,20,F4,0.38891813
L164,20,F5,0.4288859
L164,20,F6,0.44176322
L164,20,F7,0.46156718
L164,20,F8,0.42110346
L165,10,F1,0.25616957
L165,10,F2,0.25858839
L165,10,F3,0.31470752
L165,10,F4,0.31716699
L165,10,F5,0.21519736
L165,10,F6,0.31757727
L165,10,F7,0.37038366
L165,10,F8,0.40681593
L165,20,F1,0.32373182
L165,20,F2,0.29763351
L165,20,F3,0.31302686
L165,20,F4,0.42100042
L165,20,F5,0.46672895
L165,20,F6,0.31979045
L165,20,F7,0.35375365
L165,20,F8,0.48406046
L166,10,F1,0.30640804
L166,10,F2,0.4083477
L166,10,F3,0.2632226
L166,10,F4,0.39161543
L166,10,F5,0.42205862
L166,10,F6,0.58309534
L166,10,F7,0.28620056
L166,10,F8,0.24545128
L166,20,F1,0.55622594
L166,20,F2,0.40218051
L166,20,F3,0.35396268
L166,20,F4,0.59240443
L166,20,F5,0.40733438
L166,20,F6,0.60750132
L166,20,F7,0.48696644
L166,20,F8,0.30623058
L167,10,F1,0.34827072
L167,10,F2,0.29024621
L167,10,F3,0.26479919
L167,10,F4,0.21379192
L167,10,F5,0.25547605
L167,10,F6,0.4809933
L167,10,F7,0.43265064
L167,10,F8,0.39694298
L167,20,F1,0.52369034
L167,20,F2,0.52602612
L167,20,F3,0.52992079
L167,20,F4,0.30406798
L167,20,F5,0.3092142
L167,20,F6,0.55254296
L167,20,F7,0.5061204
L167,20,F8,0.39263346
L168,10,F1,0.3315563
L168,10,F2,0.30266814
L168,10,F3,0.46764341
L168,10,F4,0.43540101
L168,10,F5,0.41086102
L168,10,F6,0.31936033
L168,10,F7,0.30195624
L168,10,F8,0.29869746
L168,20,F1,0.5225846
L168,20,F2,0.67869741
L168,20,F3,0.44568972
L168,20,F4,0.64647163
L168,20,F5,0.40775376
L168,20,F6,0.33866137
L168,20,F7,0.3536731
L168,20,F8,0.35644442
L169,10,F1,0.25533778
L169,10,F2,0.29088781
L169,10,F3,0.39342337
L169,10,F4,0.41580488
L169,10,F5,0.26324712
L169,10,F6,0.27942662
L169,10,F7,0.24533171
L169,10,F8,0.26504451
L169,20,F1,0.49948758
L169,20,F2,0.31733839
L169,20,F3,0.50643774
L169,20,F4,0.42088879
L169,20,F5,0.44131181
L169,20,F6,0.30873834
L169,20,F7,0.45158952
L169,20,F8,0.5309659
L170,10,F1,0.57451856
L170,10,F2,0.49219791
L170,10,F3,0.35499424
L170,10,F4,0.36859105
L170,10,F5,0.32527122
L170,10,F6,0.55823318
L170,10,F7,0.28096491
L170,10,F8,0.26680881
L170,20,F1,0.72049624
L170,20,F2,0.48249905
L170,20,F3,0.61886594
L170,20,F4,0.64321717
L170,20,F5,0.59780242
L170,20,F6,0.70565378
L170,20,F7,0.56765301
L170,20,F8,0.37011604
L171,10,F1,0.2797352
L171,10,F2,0.32508918
L171,10,F3,0.22350021
L171,10,F4,0.37883541
L171,10,F5,0.4612352
L171,10,F6,0.27639382
L171,10,F7,0.46424644
L171,10,F8,0.40206651
L171,20,F1,0.64869044
L171,20,F2,0.42941053
L171,20,F3,0.45769994
L171,20,F4,0.46154487
L171,20,F5,0.42363629
L171,20,F6,0.53786243
L171,20,F7,0.56836272
L171,20,F8,0.48229672
L172,10,F1,0.35094857
L172,10,F2,0.49463707
L172,10,F3,0.363742
L172,10,F4,0.42577828
L172,10,F5,0.40026928
L172,10,F6,0.4195625
L172,10,F7,0.35487521
L172,10,F8,0.3563107
L172,20,F1,0.55666804
L172,20,F2,0.59788172
L172,20,F3,0.53688289
L172,20,F4,0.43400071
L172,20,F5,0.65892953
L172,20,F6,0.54022839
L172,20,F7,0.4937089
L172,20,F8,0.50396912
L173,10,F1,0.30668567
L173,10,F2,0.3587901
L173,10,F3,0.41902333
L173,10,F4,0.32872376
L173,10,F5,0.30978505
L173,10,F6,0.26463567
L173,10,F7,0.46893621
L173,10,F8,0.30315318
L173,20,F1,0.32378264
L173,20,F2,0.42944722
L173,20,F3,0.46866897
L173,20,F4,0.31274166
L173,20,F5,0.38612906
L173,20,F6,0.4690339
L173,20,F7,0.50937116
L173,20,F8,0.422836
L174,10,F1,0.34422315
L174,10,F2,0.5120421
L174,10,F3,0.43873886
L174,10,F4,0.34361146
L174,10,F5,0.47825733
L174,10,F6,0.38632425
L174,10,F7,0.41081123
L174,10,F8,0.46140854
L174,20,F1,0.58116492
L174,20,F2,0.58654073
L174,20,F3,0.53936625
L174,20,F4,0.61117694
L174,20,F5,0.66389061
L174,20,F6,0.65086305
L174,20,F7,0.44323099
L174,20,F8,0.56420825
L175,10,F1,0.24039554
L175,10,F2,0.2958414
L175,10,F3,0.41119521
L175,10,F4,0.51632792
L175,10,F5,0.54143539
L175,10,F6,0.34935185
L175,10,F7,0.31552761
L175,10,F8,0.47499244
L175,20,F1,0.4899921
L175,20,F2,0.56536865
L175,20,F3,0.51392049
L175,20,F4,0.58293325
L175,20,F5,0.60799197
L175,20,F6,0.58473329
L175,20,F7,0.55557145
L175,20,F8,0.62015669
L176,10,F1,0.33551081
L176,10,F2,0.42380452
L176,10,F3,0.24358782
L176,10,F4,0.22811827
L176,10,F5,0.35610945
L176,10,F6,0.39571002
L176,10,F7,0.26422372
L176,10,F8,0.34098679
L176,20,F1,0.53898048
L176,20,F2,0.40499504
L176,20,F3,0.32910358
L176,20,F4,0.41726792
L176,20,F5,0.34912494
L176,20,F6,0.56666284
L176,20,F7,0.31501118
L176,20,F8,0.33335078
L177,10,F1,0.4117251
L177,10,F2,0.2646693
L177,10,F3,0.44715017
L177,10,F4,0.54470435
L177,10,F5,0.27903009
L177,10,F6,0.29065256
L177,10,F7,0.34282497
L177,10,F8,0.58226254
L177,20,F1,0.53399747
L177,20,F2,0.6167568
L177,20,F3,0.56285366
L177,20,F4,0.63503819
L177,20,F5,0.59860048
L177,20,F6,0.48875439
L177,20,F7,0.49434014
L177,20,F8,0.70406939
L178,10,F1,0.44270974
L178,10,F2,0.4266853
L178,10,F3,0.43936041
L178,10,F4,0.3044008
L178,10,F5,0.24829209
L178,10,F6,0.40121854
L178,10,F7,0.25066938
L178,10,F8,0.39360399
L178,20,F1,0.52187673
L178,20,F2,0.5316774
L178,20,F3,0.61751089
L178,20,F4,0.44185855
L178,20,F5,0.43048137
L178,20,F6,0.60684881
L178,20,F7,0.49528703
L178,20,F8,0.38896722
L179,10,F1,0.50799612
L179,10,F2,0.62283761
L179,10,F3,0.30740511
L179,10,F4,0.55187711
L179,10,F5,0.64309192
L179,10,F6,0.28107786
L179,10,F7,0.3179789
L179,10,F8,0.4521918
L179,20,F1,0.71522443
L179,20,F2,0.71162991
L179,20,F3,0.62155392
L179,20,F4,0.66128576
L179,20,F5,0.77262861
L179,20,F6,0.41037204
L179,20,F7,0.43855891
L179,20,F8,0.59365562
L180,10,F1,0.22234071
L180,10,F2,0.29402094
L180,10,F3,0.43509749
L180,10,F4,0.34457611
L180,10,F5,0.26604188
L180,10,F6,0.44278293
L180,10,F7,0.25250188
L180,10,F8,0.28656462
L180,20,F1,0.60502782
L180,20,F2,0.35332088
L180,20,F3,0.42389546
L180,20,F4,0.35645068
L180,20,F5,0.43994504
L180,20,F6,0.42962165
L180,20,F7,0.53614784
L180,20,F8,0.50487871
L181,10,F1,0.2896229
L181,10,F2,0.32525566
L181,10,F3,0.24832289
L181,10,F4,0.4668649
L181,10,F5,0.49482539
L181,10,F6,0.49141918
L181,10,F7,0.44955704
L181,10,F8,0.58290072
L181,20,F1,0.53197046
L181,20,F2,0.50117667
L181,20,F3,0.37586688
L181,20,F4,0.59347174
L181,20,F5,0.61632236
L181,20,F6,0.6927386
L181,20,F7,0.47497834
L181,20,F8,0.58074272
L182,10,F1,0.5530936
L182,10,F2,0.33132071
L182,10,F3,0.49600965
L182,10,F4,0.26663704
L182,10,F5,0.41781247
L182,10,F6,0.4656788
L182,10,F7,0.59764853
L182,10,F8,0.29839511
L182,20,F1,0.69212663
L182,20,F2,0.71094366
L182,20,F3,0.66690568
L182,20,F4,0.56942501
L182,20,F5,0.41314667
L182,20,F6,0.65350484
L182,20,F7,0.68465432
L182,20,F8,0.49508125
L183,10,F1,0.51904176
L183,10,F2,0.46683182
L183,10,F3,0.27213069
L183,10,F4,0.41291646
L183,10,F5,0.28432581
L183,10,F6,0.27966374
L183,10,F7,0.28290607
L183,10,F8,0.28245136
L183,20,F1,0.60540734
L183,20,F2,0.67590198
L183,20,F3,0.44802763
L183,20,F4,0.53510374
L183,20,F5,0.56419473
L183,20,F6,0.5265051
L183,20,F7,0.49936597
L183,20,F8,0.35993258
L184,10,F1,0.43131057
L184,10,F2,0.28669733
L184,10,F3,0.4348948
L184,10,F4,0.35538161
L184,10,F5,0.3804455
L184,10,F6,0.40575077
L184,10,F7,0.28415881
L184,10,F8,0.30372421
L184,20,F1,0.58185723
L184,20,F2,0.52599256
L184,20,F3,0.42157081
L184,20,F4,0.54887244
L184,20,F5,0.47681948
L184,20,F6,0.47645589
L184,20,F7,0.50860547
L184,20,F8,0.4050553
L185,10,F1,0.4447811
L185,10,F2,0.3124548
L185,10,F3,0.47880009
L185,10,F4,0.26230266
L185,10,F5,0.4473949
L185,10,F6,0.25188781
L185,10,F7,0.49495362
L185,10,F8,0.47199614
L185,20,F1,0.5573844
L185,20,F2,0.54785144
L185,20,F3,0.56742462
L185,20,F4,0.42504661
L185,20,F5,0.64092897
L185,20,F6,0.556619
L185,20,F7,0.57845233
L185,20,F8,0.57711594
L186,10,F1,0.44088759
L186,10,F2,0.44678695
L186,10,F3,0.44358068
L186,10,F4,0.4466691
L186,10,F5,0.44330659
L186,10,F6,0.33314114
L186,10,F7,0.36868844
L186,10,F8,0.38949941
L186,20,F1,0.68811938
L186,20,F2,0.56217893
L186,20,F3,0.60396112
L186,20,F4,0.48516783
L186,20,F5,0.56010892
L186,20,F6,0.49771756
L186,20,F7,0.65043981
L186,20,F8,0.52613126
L187,10,F1,0.24716964
L187,10,F2,0.45587506
L187,10,F3,0.27809906
L187,10,F4,0.46651191
L187,10,F5,0.25777752
L187,10,F6,0.57624989
L187,10,F7,0.3736041
L187,10,F8,0.25146911
L187,20,F1,0.46831289
L187,20,F2,0.55566564
L187,20,F3,0.48626758
L187,20,F4,0.43212527
L187,20,F5,0.31926256
L187,20,F6,0.66569055
L187,20,F7,0.56550123
L187,20,F8,0.32177617
L188,10,F1,0.24878648
L188,10,F2,0.40076032
L188,10,F3,0.22933816
L188,10,F4,0.35727411
L188,10,F5,0.25971203
L188,10,F6,0.36141834
L188,10,F7,0.5528342
L188,10,F8,0.37469549
L188,20,F1,0.52159059
L188,20,F2,0.58358534
L188,20,F3,0.43258411
L188,20,F4,0.47030522
L188,20,F5,0.31961133
L188,20,F6,0.37561076
L188,20,F7,0.600712
L188,20,F8,0.48570834
L189,10,F1,0.35771607
L189,10,F2,0.47003402
L189,10,F3,0.27753123
L189,10,F4,0.49022571
L189,10,F5,0.40226462
L189,10,F6,0.42206767
L189,10,F7,0.33352649
L189,10,F8,0.37966392
L189,20,F1,0.48381188
L189,20,F2,0.59264734
L189,20,F3,0.42268016
L189,20,F4,0.56100474
L189,20,F5,0.51404026
L189,20,F6,0.57082177
L189,20,F7,0.43833788
L189,20,F8,0.57735688
L190,10,F1,0.38497795
L190,10,F2,0.31772256
L190,10,F3,0.32838844
L190,10,F4,0.29703184
L190,10,F5,0.48139372
L190,10,F6,0.28218656
L190,10,F7,0.26276697
L190,10,F8,0.25192684
L190,20,F1,0.53224249
L190,20,F2,0.35720498
L190,20,F3,0.51529449
L190,20,F4,0.33840778
L190,20,F5,0.60708123
L190,20,F6,0.3638393
L190,20,F7,0.48375068
L190,20,F8,0.37474366
L191,10,F1,0.26645155
L191,10,F2,0.27354273
L191,10,F3,0.36236224
L191,10,F4,0.27884306
L191,10,F5,0.54082768
L191,10,F6,0.42598992
L191,10,F7,0.44352676
L191,10,F8,0.57898188
L191,20,F1,0.59010787
L191,20,F2,0.38138736
L191,20,F3,0.51664424
L191,20,F4,0.4924436
L191,20,F5,0.69376802
L191,20,F6,0.56420347
L191,20,F7,0.5490048
L191,20,F8,0.63358506
L192,10,F1,0.4218959
L192,10,F2,0.49322955
L192,10,F3,0.39689973
L192,10,F4,0.51524795
L192,10,F5,0.2682961
L192,10,F6,0.41341111
L192,10,F7,0.32635515
L192,10,F8,0.49147533
L192,20,F1,0.51371633
L192,20,F2,0.5982712
L192,20,F3,0.54300216
L192,20,F4,0.5572141
L192,20,F5,0.41742176
L192,20,F6,0.47995727
L192,20,F7,0.439325
L192,20,F8,0.58613314
L193,10,F1,0.32491947
L193,10,F2,0.18632566
L193,10,F3,0.40659183
L193,10,F4,0.37412365
L193,10,F5,0.21256951
L193,10,F6,0.33600654
L193,10,F7,0.23649015
L193,10,F8,0.21682215
L193,20,F1,0.31652151
L193,20,F2,0.2579866
L193,20,F3,0.37653561
L193,20,F4,0.44141905
L193,20,F5,0.27748732
L193,20,F6,0.47291383
L193,20,F7,0.34206389
L193,20,F8,0.3285398
L194,10,F1,0.43966479
L194,10,F2,0.52256683
L194,10,F3,0.42274082
L194,10,F4,0.44060932
L194,10,F5,0.3013286
L194,10,F6,0.30854799
L194,10,F7,0.31793898
L194,10,F8,0.37594748
L194,20,F1,0.42399425
L194,20,F2,0.55425334
L194,20,F3,0.58426435
L194,20,F4,0.52905801
L194,20,F5,0.41884972
L194,20,F6,0.42320368
L194,20,F7,0.43231308
L194,20,F8,0.37145354
L195,10,F1,0.53278952
L195,10,F2,0.5324311
L195,10,F3,0.2289107
L195,10,F4,0.40010447
L195,10,F5,0.24251691
L195,10,F6,0.37893927
L195,10,F7,0.40081885
L195,10,F8,0.30079722
L195,20,F1,0.63562486
L195,20,F2,0.49591152
L195,20,F3,0.41443154
L195,20,F4,0.601358
L195,20,F5,0.5528797
L195,20,F6,0.60083343
L195,20,F7,0.50117722
L195,20,F8,0.48194819
L196,10,F1,0.50485357
L196,10,F2,0.45051882
L196,10,F3,0.41023523
L196,10,F4,0.38757634
L196,10,F5,0.46236243
L196,10,F6,0.40595919
L196,10,F7,0.43225916
L196,10,F8,0.57062549
L196,20,F1,0.55176304
L196,20,F2,0.60669339
L196,20,F3,0.62513386
L196,20,F4,0.43938601
L196,20,F5,0.43661079
L196,20,F6,0.52248362
L196,20,F7,0.45018237
L196,20,F8,0.61384347
L197,10,F1,0.47500275
L197,10,F2,0.44941255
L197,10,F3,0.38821804
L197,10,F4,0.39340588
L197,10,F5,0.37162528
L197,10,F6,0.38486663
L197,10,F7,0.41870025
L197,10,F8,0.44497915
L197,20,F1,0.53339611
L197,20,F2,0.53090885
L197,20,F3,0.613022
L197,20,F4,0.51063605
L197,20,F5,0.60446038
L197,20,F6,0.56798882
L197,20,F7,0.64119366
L197,20,F8,0.51939157
L198,10,F1,0.28441056
L198,10,F2,0.34855492
L198,10,F3,0.33669024
L198,10,F4,0.50501689
L198,10,F5,0.54378828
L198,10,F6,0.42652943
L198,10,F7,0.37421289
L198,10,F8,0.56175022
L198,20,F1,0.36369369
L198,20,F2,0.68203391
L198,20,F3,0.34231897
L198,20,F4,0.59008095
L198,20,F5,0.5789337
L198,20,F6,0.40945495
L198,20,F7,0.63825539
L198,20,F8,0.50462957
L199,10,F1,0.37899455
L199,10,F2,0.40073768
L199,10,F3,0.35370719
L199,10,F4,0.44000492
L199,10,F5,0.30850782
L199,10,F6,0.40878034
L199,10,F7,0.31787128
L199,10,F8,0.35507303
L199,20,F1,0.57010055
L199,20,F2,0.62095525
L199,20,F3,0.45311658
L199,20,F4,0.55804842
L199,20,F5,0.57110216
L199,20,F6,0.53911537
L199,20,F7,0.44072322
L199,20,F8,0.46630135
L200,10,F1,0.21908549
L200,10,F2,0.32837367
L200,10,F3,0.24298192
L200,10,F4,0.24588227
L200,10,F5,0.28475728
L200,10,F6,0.20384299
L200,10,F7,0.41774052
L200,10,F8,0.52319799
L200,20,F1,0.43196377
L200,20,F2,0.33853484
L200,20,F3,0.44236738
L200,20,F4,0.26852502
L200,20,F5,0.43445204
L200,20,F6,0.4454521
L200,20,F7,0.40361468
L200,20,F8,0.58106289
L201,10,F1,0.24618874
L201,10,F2,0.41869517
L201,10,F3,0.60779006
L201,10,F4,0.42282266
L201,10,F5,0.56906027
L201,10,F6,0.25161432
L201,10,F7,0.24527428
L201,10,F8,0.51642821
L201,20,F1,0.3443309
L201,20,F2,0.44531639
L201,20,F3,0.74926663
L201,20,F4,0.45092848
L201,20,F5,0.66791461
L201,20,F6,0.38537758
L201,20,F7,0.49630966
L201,20,F8,0.70261473
L202,10,F1,0.24225087
L202,10,F2,0.49886748
L202,10,F3,0.26203971
L202,10,F4,0.35868011
L202,10,F5,0.43337782
L202,10,F6,0.27367105
L202,10,F7,0.27810031
L202,10,F8,0.44285473
L202,20,F1,0.46178286
L202,20,F2,0.65674937
L202,20,F3,0.3705326
L202,20,F4,0.49252253
L202,20,F5,0.53225225
L202,20,F6,0.56096797
L202,20,F7,0.4989524
L202,20,F8,0.54118124
L203,10,F1,0.534447
L203,10,F2,0.48150679
L203,10,F3,0.2653388
L203,10,F4,0.26399109
L203,10,F5,0.40708894
L203,10,F6,0.26697172
L203,10,F7,0.32384426
L203,10,F8,0.49373269
L203,20,F1,0.51706264
L203,20,F2,0.56231088
L203,20,F3,0.40444965
L203,20,F4,0.42891834
L203,20,F5,0.50502727
L203,20,F6,0.46264129
L203,20,F7,0.47815867
L203,20,F8,0.48075778
L204,10,F1,0.40398612
L204,10,F2,0.2527606
L204,10,F3,0.3327735
L204,10,F4,0.35616965
L204,10,F5,0.27556989
L204,10,F6,0.20086258
L204,10,F7,0.21915819
L204,10,F8,0.38908559
L204,20,F1,0.45053027
L204,20,F2,0.33750015
L204,20,F3,0.31248773
L204,20,F4,0.5039701
L204,20,F5,0.29233758
L204,20,F6,0.30643775
L204,20,F7,0.30219713
L204,20,F8,0.35625395
L205,10,F1,0.54821399
L205,10,F2,0.28560467
L205,10,F3,0.47430884
L205,10,F4,0.32853543
L205,10,F5,0.40449841
L205,10,F6,0.28087554
L205,10,F7,0.39630802
L205,10,F8,0.36252351
L205,20,F1,0.66051043
L205,20,F2,0.64246275
L205,20,F3,0.64189445
L205,20,F4,0.55243553
L205,20,F5,0.51054676
L205,20,F6,0.57014372
L205,20,F7,0.59404324
L205,20,F8,0.57598454
L206,10,F1,0.20438031
L206,10,F2,0.2659525
L206,10,F3,0.22412343
L206,10,F4,0.45419971
L206,10,F5,0.23383353
L206,10,F6,0.32054722
L206,10,F7,0.44115996
L206,10,F8,0.40050435
L206,20,F1,0.37308067
L206,20,F2,0.49144675
L206,20,F3,0.28867167
L206,20,F4,0.53321015
L206,20,F5,0.42442619
L206,20,F6,0.43847339
L206,20,F7,0.6012647
L206,20,F8,0.41183138
L207,10,F1,0.54002745
L207,10,F2,0.36226249
L207,10,F3,0.65838647
L207,10,F4,0.36636827
L207,10,F5,0.61254487
L207,10,F6,0.43035495
L207,10,F7,0.38077274
L207,10,F8,0.30187923
L207,20,F1,0.60834339
L207,20,F2,0.41191607
L207,20,F3,0.67467042
L207,20,F4,0.38561188
L207,20,F5,0.67302491
L207,20,F6,0.43460115
L207,20,F7,0.64830495
L207,20,F8,0.63226227
L208,10,F1,0.2922903
L208,10,F2,0.44978353
L208,10,F3,0.56737617
L208,10,F4,0.33573666
L208,10,F5,0.42359163
L208,10,F6,0.33867238
L208,10,F7,0.46622856
L208,10,F8,0.34544625
L208,20,F1,0.55660883
L208,20,F2,0.52965968
L208,20,F3,0.68130151
L208,20,F4,0.50170021
L208,20,F5,0.39913333
L208,20,F6,0.39813817
L208,20,F7,0.60890684
L208,20,F8,0.45583621
L209,10,F1,0.39574147
L209,10,F2,0.38468148
L209,10,F3,0.36535116
L209,10,F4,0.34281578
L209,10,F5,0.42697316
L209,10,F6,0.2524235
L209,10,F7,0.4949419
L209,10,F8,0.26292193
L209,20,F1,0.48432253
L209,20,F2,0.56360659
L209,20,F3,0.44758011
L209,20,F4,0.52935913
L209,20,F5,0.40567796
L209,20,F6,0.49276713
L209,20,F7,0.5549446
L209,20,F8,0.38310609
L210,10,F1,0.38332064
L210,10,F2,0.25489247
L210,10,F3,0.25697423
L210,10,F4,0.33764056
L210,10,F5,0.28071219
L210,10,F6,0.31985907
L210,10,F7,0.23766676
L210,10,F8,0.42429893
L210,20,F1,0.38166425
L210,20,F2,0.34157344
L210,20,F3,0.31137434
L210,20,F4,0.46007465
L210,20,F5,0.29935177
L210,20,F6,0.51516307
L210,20,F7,0.4124554
L210,20,F8,0.4097235
L211,10,F1,0.49375076
L211,10,F2,0.19788166
L211,10,F3,0.17378611
L211,10,F4,0.46295794
L211,10,F5,0.32468225
L211,10,F6,0.35753895
L211,10,F7,0.41231142
L211,10,F8,0.43742056
L211,20,F1,0.58221259
L211,20,F2,0.36596869
L211,20,F3,0.35702409
L211,20,F4,0.42015662
L211,20,F5,0.42252417
L211,20,F6,0.50506124
L211,20,F7,0.3833213
L211,20,F8,0.49054984
L212,10,F1,0.24129916
L212,10,F2,0.3142419
L212,10,F3,0.26246155
L212,10,F4,0.32220947
L212,10,F5,0.4166006
L212,10,F6,0.42890728
L212,10,F7,0.52922295
L212,10,F8,0.26730613
L212,20,F1,0.50740918
L212,20,F2,0.46852204
L212,20,F3,0.51669026
L212,20,F4,0.43944367
L212,20,F5,0.40804254
L212,20,F6,0.51491325
L212,20,F7,0.58918205
L212,20,F8,0.52686598
L213,10,F1,0.24940589
L213,10,F2,0.25538418
L213,10,F3,0.43667774
L213,10,F4,0.2673936
L213,10,F5,0.3812874
L213,10,F6,0.28574671
L213,10,F7,0.36726872
L213,10,F8,0.3627079
L213,20,F1,0.29511216
L213,20,F2,0.49135372
L213,20,F3,0.51068234
L213,20,F4,0.31359112
L213,20,F5,0.38219953
L213,20,F6,0.32968716
L213,20,F7,0.36983309
L213,20,F8,0.36528171
L214,10,F1,0.29036382
L214,10,F2,0.34426996
L214,10,F3,0.35661558
L214,10,F4,0.45120056
L214,10,F5,0.27816749
L214,10,F6,0.24020903
L214,10,F7,0.45375101
L214,10,F8,0.32093857
L214,20,F1,0.44526636
L214,20,F2,0.36410659
L214,20,F3,0.53206809
L214,20,F4,0.45195184
L214,20,F5,0.43562071
L214,20,F6,0.40013487
L214,20,F7,0.59827184
L214,20,F8,0.36660064
L215,10,F1,0.29696816
L215,10,F2,0.4196711
L215,10,F3,0.56701287
L215,10,F4,0.35725596
L215,10,F5,0.28166103
L215,10,F6,0.42695935
L215,10,F7,0.25140866
L215,10,F8,0.41625093
L215,20,F1,0.36036967
L215,20,F2,0.43121403
L215,20,F3,0.6334642
L215,20,F4,0.48810664
L215,20,F5,0.34543606
L215,20,F6,0.61783854
L215,20,F7,0.35266617
L215,20,F8,0.52029775
L216,10,F1,0.47372304
L216,10,F2,0.28370696
L216,10,F3,0.29647073
L216,10,F4,0.25984297
L216,10,F5,0.49624521
L216,10,F6,0.25944327
L216,10,F7,0.32655994
L216,10,F8,0.47634212
L216,20,F1,0.59350596
L216,20,F2,0.49425123
L216,20,F3,0.56844677
L216,20,F4,0.46521861
L216,20,F5,0.68820623
L216,20,F6,0.34099532
L216,20,F7,0.52677512
L216,20,F8,0.48413815
L217,10,F1,0.34546077
L217,10,F2,0.43691831
L217,10,F3,0.325824
L217,10,F4,0.43588427
L217,10,F5,0.4080264
L217,10,F6,0.27801785
L217,10,F7,0.24278611
L217,10,F8,0.27645777
L217,20,F1,0.57521728
L217,20,F2,0.63456071
L217,20,F3,0.54872546
L217,20,F4,0.52908034
L217,20,F5,0.40193548
L217,20,F6,0.47691855
L217,20,F7,0.47976231
L217,20,F8,0.47211825
L218,10,F1,0.60918938
L218,10,F2,0.30932109
L218,10,F3,0.42941699
L218,10,F4,0.3006062
L218,10,F5,0.53986655
L218,10,F6,0.44174858
L218,10,F7,0.36026407
L218,10,F8,0.49629051
L218,20,F1,0.67025665
L218,20,F2,0.38275748
L218,20,F3,0.64922948
L218,20,F4,0.40947727
L218,20,F5,0.62944152
L218,20,F6,0.46152828
L218,20,F7,0.64985615
L218,20,F8,0.61313714
L219,10,F1,0.46266348
L219,10,F2,0.41017555
L219,10,F3,0.32686502
L219,10,F4,0.32246927
L219,10,F5,0.48238638
L219,10,F6,0.41244546
L219,10,F7,0.28760607
L219,10,F8,0.34256881
L219,20,F1,0.62872434
L219,20,F2,0.41444529
L219,20,F3,0.37532617
L219,20,F4,0.49503054
L219,20,F5,0.46818218
L219,20,F6,0.58365178
L219,20,F7,0.56136651
L219,20,F8,0.50841009
L220,10,F1,0.25569531
L220,10,F2,0.31517778
L220,10,F3,0.49829023
L220,10,F4,0.36665076
L220,10,F5,0.53661246
L220,10,F6,0.2523386
L220,10,F7,0.26482906
L220,10,F8,0.34287584
L220,20,F1,0.39560276
L220,20,F2,0.35186039
L220,20,F3,0.65275661
L220,20,F4,0.56905619
L220,20,F5,0.49341462
L220,20,F6,0.34072572
L220,20,F7,0.53809995
L220,20,F8,0.45522388
L221,10,F1,0.26757777
L221,10,F2,0.50369245
L221,10,F3,0.23220747
L221,10,F4,0.38849012
L221,10,F5,0.28104805
L221,10,F6,0.25829299
L221,10,F7,0.33021388
L221,10,F8,0.25284926
L221,20,F1,0.33039869
L221,20,F2,0.58582679
L221,20,F3,0.56789181
L221,20,F4,0.39382014
L221,20,F5,0.42986241
L221,20,F6,0.43825668
L221,20,F7,0.34790169
L221,20,F8,0.28596787
L222,10,F1,0.23074454
L222,10,F2,0.32087821
L222,10,F3,0.26011261
L222,10,F4,0.54563646
L222,10,F5,0.38605456
L222,10,F6,0.39576038
L222,10,F7,0.29242501
L222,10,F8,0.20198045
L222,20,F1,0.38159073
L222,20,F2,0.46485268
L222,20,F3,0.34902588
L222,20,F4,0.58237139
L222,20,F5,0.37975232
L222,20,F6,0.49131492
L222,20,F7,0.31287494
L222,20,F8,0.60251142
L223,10,F1,0.22668783
L223,10,F2,0.47186806
L223,10,F3,0.38566014
L223,10,F4,0.34354911
L223,10,F5,0.43417119
L223,10,F6,0.24334092
L223,10,F7,0.38229041
L223,10,F8,0.24187127
L223,20,F1,0.38859834
L223,20,F2,0.43034402
L223,20,F3,0.48049661
L223,20,F4,0.43774956
L223,20,F5,0.58239329
L223,20,F6,0.2607927
L223,20,F7,0.55531008
L223,20,F8,0.45298573
L224,10,F1,0.46326441
L224,10,F2,0.47106455
L224,10,F3,0.25799684
L224,10,F4,0.27957596
L224,10,F5,0.55732499
L224,10,F6,0.21968784
L224,10,F7,0.41543417
L224,10,F8,0.28439456
L224,20,F1,0.65069488
L224,20,F2,0.44382404
L224,20,F3,0.47590522
L224,20,F4,0.43376228
L224,20,F5,0.50689905
L224,20,F6,0.43322166
L224,20,F7,0.54208682
L224,20,F8,0.52343719
L225,10,F1,0.46065255
L225,10,F2,0.34166988
L225,10,F3,0.23731666
L225,10,F4,0.23776169
L225,10,F5,0.20977327
L225,10,F6,0.26620714
L225,10,F7,0.23472535
L225,10,F8,0.25261474
L225,20,F1,0.54560608
L225,20,F2,0.36277378
L225,20,F3,0.27607548
L225,20,F4,0.30834579
L225,20,F5,0.28431029
L225,20,F6,0.54737636
L225,20,F7,0.30427437
L225,20,F8,0.40693582
L226,10,F1,0.49198381
L226,10,F2,0.39717941
L226,10,F3,0.57918737
L226,10,F4,0.26580291
L226,10,F5,0.26970608
L226,10,F6,0.28003488
L226,10,F7,0.26770492
L226,10,F8,0.41171481
L226,20,F1,0.56235327
L226,20,F2,0.52339637
L226,20,F3,0.69347913
L226,20,F4,0.331864
L226,20,F5,0.4743267
L226,20,F6,0.57828137
L226,20,F7,0.46472298
L226,20,F8,0.41323118
L227,10,F1,0.47482062
L227,10,F2,0.21349193
L227,10,F3,0.26188528
L227,10,F4,0.50425007
L227,10,F5,0.43915138
L227,10,F6,0.31165857
L227,10,F7,0.32153222
L227,10,F8,0.34819128
L227,20,F1,0.50034168
L227,20,F2,0.40475065
L227,20,F3,0.2912857
L227,20,F4,0.44731747
L227,20,F5,0.47134799
L227,20,F6,0.38738076
L227,20,F7,0.5032983
L227,20,F8,0.50873695
L228,10,F1,0.1912681
L228,10,F2,0.23543314
L228,10,F3,0.39590556
L228,10,F4,0.32083483
L228,10,F5,0.2684345
L228,10,F6,0.22973797
L228,10,F7,0.27425256
L228,10,F8,0.37118473
L228,20,F1,0.34768102
L228,20,F2,0.37412879
L228,20,F3,0.36066234
L228,20,F4,0.30242183
L228,20,F5,0.26780011
L228,20,F6,0.37656168
L228,20,F7,0.37530491
L228,20,F8,0.49584398
L229,10,F1,0.3826108
L229,10,F2,0.23656359
L229,10,F3,0.41169984
L229,10,F4,0.28993196
L229,10,F5,0.27078989
L229,10,F6,0.23854613
L229,10,F7,0.23707696
L229,10,F8,0.39352059
L229,20,F1,0.46264744
L229,20,F2,0.3102295
L229,20,F3,0.48998094
L229,20,F4,0.41469442
L229,20,F5,0.27671612
L229,20,F6,0.39019172
L229,20,F7,0.39613458
L229,20,F8,0.37126354
L230,10,F1,0.26192559
L230,10,F2,0.47391421
L230,10,F3,0.40008896
L230,10,F4,0.39388929
L230,10,F5,0.44716142
L230,10,F6,0.32846552
L230,10,F7,0.34600835
L230,10,F8,0.32040658
L230,20,F1,0.33024842
L230,20,F2,0.43071804
L230,20,F3,0.47276427
L230,20,F4,0.36723871
L230,20,F5,0.57420487
L230,20,F6,0.46988909
L230,20,F7,0.33782684
L230,20,F8,0.45506337
L231,10,F1,0.24903648
L231,10,F2,0.30159343
L231,10,F3,0.36528263
L231,10,F4,0.22489351
L231,10,F5,0.56122291
L231,10,F6,0.4408404
L231,10,F7,0.27811101
L231,10,F8,0.34657945
L231,20,F1,0.61960601
L231,20,F2,0.50309826
L231,20,F3,0.52765659
L231,20,F4,0.54415371
L231,20,F5,0.53215991
L231,20,F6,0.56874502
L231,20,F7,0.50716244
L231,20,F8,0.52402872
L232,10,F1,0.26330313
L232,10,F2,0.24938642
L232,10,F3,0.35138032
L232,10,F4,0.34501396
L232,10,F5,0.27912009
L232,10,F6,0.49313222
L232,10,F7,0.24864059
L232,10,F8,0.36097151
L232,20,F1,0.42653025
L232,20,F2,0.30144276
L232,20,F3,0.46565204
L232,20,F4,0.52971876
L232,20,F5,0.45852419
L232,20,F6,0.54214523
L232,20,F7,0.38235269
L232,20,F8,0.4645911
L233,10,F1,0.25668079
L233,10,F2,0.27321527
L233,10,F3,0.52055127
L233,10,F4,0.33984639
L233,10,F5,0.34343601
L233,10,F6,0.29776372
L233,10,F7,0.38948464
L233,10,F8,0.24851024
L233,20,F1,0.39523269
L233,20,F2,0.44508241
L233,20,F3,0.58424819
L233,20,F4,0.46774481
L233,20,F5,0.34863579
L233,20,F6,0.37541473
L233,20,F7,0.3851337
L233,20,F8,0.61149165
L234,10,F1,0.5656546
L234,10,F2,0.56783376
L234,10,F3,0.3315529
L234,10,F4,0.31291064
L234,10,F5,0.31394892
L234,10,F6,0.46558956
L234,10,F7,0.33745185
L234,10,F8,0.43562554
L234,20,F1,0.62321964
L234,20,F2,0.5481682
L234,20,F3,0.38736889
L234,20,F4,0.51896535
L234,20,F5,0.56451376
L234,20,F6,0.46582132
L234,20,F7,0.5054165
L234,20,F8,0.63114641
L235,10,F1,0.18288992
L235,10,F2,0.26359709
L235,10,F3,0.43147398
L235,10,F4,0.43653585
L235,10,F5,0.3428674
L235,10,F6,0.35013225
L235,10,F7,0.19695242
L235,10,F8,0.21193836
L235,20,F1,0.30834419
L235,20,F2,0.48645815
L235,20,F3,0.52133869
L235,20,F4,0.59571629
L235,20,F5,0.35719523
L235,20,F6,0.55212031
L235,20,F7,0.26334892
L235,20,F8,0.24591756
L236,10,F1,0.47930242
L236,10,F2,0.30166038
L236,10,F3,0.3506005
L236,10,F4,0.36858488
L236,10,F5,0.31705626
L236,10,F6,0.4896621
L236,10,F7,0.50876235
L236,10,F8,0.39246722
L236,20,F1,0.57465551
L236,20,F2,0.61151161
L236,20,F3,0.64135164
L236,20,F4,0.52625304
L236,20,F5,0.65472443
L236,20,F6,0.59463829
L236,20,F7,0.65855379
L236,20,F8,0.5320551
L237,10,F1,0.28636345
L237,10,F2,0.21816142
L237,10,F3,0.27408931
L237,10,F4,0.40254312
L237,10,F5,0.53631846
L237,10,F6,0.42900748
L237,10,F7,0.36031463
L237,10,F8,0.25053249
L237,20,F1,0.45840086
L237,20,F2,0.43003549
L237,20,F3,0.65541727
L237,20,F4,0.53355868
L237,20,F5,0.59446899
L237,20,F6,0.55014061
L237,20,F7,0.53551175
L237,20,F8,0.46077158
L238,10,F1,0.36255648
L238,10,F2,0.21546709
L238,10,F3,0.40407511
L238,10,F4,0.274164
L238,10,F5,0.502347
L238,10,F6,0.43225462
L238,10,F7,0.37648735
L238,10,F8,0.3900194
L238,20,F1,0.44865885
L238,20,F2,0.49080823
L238,20,F3,0.5089473
L238,20,F4,0.41709711
L238,20,F5,0.54500946
L238,20,F6,0.41965522
L238,20,F7,0.46124719
L238,20,F8,0.38396342
L239,10,F1,0.22915024
L239,10,F2,0.31450561
L239,10,F3,0.33230989
L239,10,F4,0.26508466
L239,10,F5,0.35262424
L239,10,F6,0.24912682
L239,10,F7,0.48353716
L239,10,F8,0.37925275
L239,20,F1,0.33457789
L239,20,F2,0.47414064
L239,20,F3,0.35255064
L239,20,F4,0.45869947
L239,20,F5,0.58871932
L239,20,F6,0.44536332
L239,20,F7,0.56125442
L239,20,F8,0.38529195
L240,10,F1,0.21803938
L240,10,F2,0.21234561
L240,10,F3,0.5598589
L240,10,F4,0.38083315
L240,10,F5,0.22009989
L240,10,F6,0.44822562
L240,10,F7,0.1698078
L240,10,F8,0.34800118
L240,20,F1,0.41058912
L240,20,F2,0.52321254
L240,20,F3,0.59749676
L240,20,F4,0.58839997
L240,20,F5,0.25906714
L240,20,F6,0.60848947
L240,20,F7,0.28129817
L240,20,F8,0.35770871
