system,learner_id,day,predictions,mae,rmse
original-mini,L002,10,8,0.5305389375,0.536396837687355
original-mini,L005,10,8,0.5242125074999999,0.530024442799921
original-mini,L013,10,8,0.5474851775,0.5546850471270819
original-mini,L019,10,8,0.46327168375,0.47188400284398146
original-mini,L022,10,8,0.5376201,0.542762234042728
original-mini,L025,10,8,0.386234785,0.39571420694048975
original-mini,L031,10,8,0.50854358625,0.5147700132704869
original-mini,L035,10,8,0.64994037,0.6536369662931689
original-mini,L037,10,8,0.44343338875000005,0.44814331972896754
original-mini,L039,10,8,0.47203889625,0.4905642947612925
original-mini,L054,10,8,0.5550684987499999,0.5620694101539766
original-mini,L057,10,8,0.52664448125,0.5306861835614818
original-mini,L066,10,8,0.54108586125,0.5468801263415484
original-mini,L069,10,8,0.45090364,0.4669913821258537
original-mini,L070,10,8,0.4647824,0.4723009854793491
original-mini,L076,10,8,0.47558680375,0.4851372406936978
original-mini,L079,10,8,0.511782615,0.5189920957856224
original-mini,L082,10,8,0.635275055,0.6402888547560408
original-mini,L086,10,8,0.5191310562499999,0.5221011595985379
original-mini,L089,10,8,0.5708336387499999,0.5763660118713674
original-mini,L091,10,8,0.590058975,0.5958201030129586
original-mini,L094,10,8,0.49589651250000005,0.507099546333344
original-mini,L095,10,8,0.5478284525,0.5530571837153493
original-mini,L096,10,8,0.47622769499999984,0.486796336300343
original-mini,L099,10,8,0.5552059325,0.5627343154794439
original-mini,L102,10,8,0.55344674875,0.561831582884457
original-mini,L111,10,8,0.53838180125,0.5483833245419252
original-mini,L122,10,8,0.5040616324999999,0.5119881804797856
original-mini,L126,10,8,0.5301320475,0.5362292572855237
original-mini,L128,10,8,0.5413363037500001,0.5559658818311703
original-mini,L134,10,8,0.5227162375,0.5390446611133048
original-mini,L143,10,8,0.46160801625000003,0.46869016034086863
original-mini,L152,10,8,0.51944475625,0.5273899502686338
original-mini,L154,10,8,0.54812365,0.5630276754005712
original-mini,L164,10,8,0.48139371499999994,0.4922626087926353
original-mini,L165,10,8,0.5804241637499999,0.5868623605023765
original-mini,L171,10,8,0.51111225375,0.5249074083566442
original-mini,L172,10,8,0.50423454875,0.5060057406556756
original-mini,L185,10,8,0.46692860999999997,0.484034277852037
original-mini,L187,10,8,0.5054054637500001,0.518554030451002
original-mini,L193,10,8,0.5695188800000001,0.5743330182213152
original-mini,L206,10,8,0.54441237375,0.5539086286890091
original-mini,L208,10,8,0.49135931499999996,0.49889157467640616
original-mini,L211,10,8,0.52370879375,0.5364399978338915
original-mini,L212,10,8,0.52721887,0.5348216644146483
original-mini,L235,10,8,0.4729515912500001,0.48605812449522257
original-mini,L236,10,8,0.48023798625,0.48584250428741227
original-mini,L239,10,8,0.53055107875,0.5405980912072036
original-mini,L002,20,8,0.43538393875000003,0.4404384175535819
original-mini,L005,20,8,0.42983636999999997,0.43914307634738764
original-mini,L013,20,8,0.36996869625000006,0.3835625127803157
original-mini,L019,20,8,0.35046377749999996,0.3585791067443661
original-mini,L022,20,8,0.45627304125,0.4706161316619815
original-mini,L025,20,8,0.21230662624999996,0.21981301652025606
original-mini,L031,20,8,0.4635271025,0.4763813945856569
original-mini,L035,20,8,0.57384994375,0.5788445012372109
original-mini,L037,20,8,0.33759772624999995,0.35697865736547296
original-mini,L039,20,8,0.41862885125000004,0.42701965420916166
original-mini,L054,20,8,0.4926506500000001,0.5043181529670437
original-mini,L057,20,8,0.41706133375,0.4280648475341127
original-mini,L066,20,8,0.48593253875,0.48791274782140404
original-mini,L069,20,8,0.32678635749999996,0.3357564840005518
original-mini,L070,20,8,0.34293529750000007,0.3573892276720206
original-mini,L076,20,8,0.41400515625,0.41918679540604425
original-mini,L079,20,8,0.46049609750000003,0.47245273692575446
original-mini,L082,20,8,0.3949110325,0.40325117016739825
original-mini,L086,20,8,0.46577765250000003,0.4701781617810554
original-mini,L089,20,8,0.48561015,0.4884223825391145
original-mini,L091,20,8,0.47129897625000006,0.4758274667892907
original-mini,L094,20,8,0.42736124499999995,0.43557935234333367
original-mini,L095,20,8,0.500788125,0.5052098364545923
original-mini,L096,20,8,0.26887101625,0.27206175348579376
original-mini,L099,20,8,0.416469885,0.42868500415774385
original-mini,L102,20,8,0.4560438500000001,0.4664046845534503
original-mini,L111,20,8,0.38210106374999997,0.40086462033536757
original-mini,L122,20,8,0.41186935249999995,0.42247137686614356
original-mini,L126,20,8,0.385088895,0.39564202958436606
original-mini,L128,20,8,0.4242643037499999,0.4514464393458764
original-mini,L134,20,8,0.381755315,0.41062808241405013
original-mini,L143,20,8,0.36923376124999996,0.3795023256274065
original-mini,L152,20,8,0.52310322875,0.5297354452385437
original-mini,L154,20,8,0.33904564000000004,0.34869356208212876
original-mini,L164,20,8,0.42808640124999997,0.43155888115771246
original-mini,L165,20,8,0.508784235,0.5178830294791609
original-mini,L171,20,8,0.3988120075,0.4073513705544362
original-mini,L172,20,8,0.3534663375,0.3593387420741837
original-mini,L185,20,8,0.36864708625,0.370934682888855
original-mini,L187,20,8,0.41067476375,0.42336565726875347
original-mini,L193,20,8,0.5108165487499999,0.5172001408745504
original-mini,L206,20,8,0.4296993875,0.4420331845647487
original-mini,L208,20,8,0.3710894025,0.38110537456322086
original-mini,L211,20,8,0.4591476825,0.465002270307256
original-mini,L212,20,8,0.38486637875,0.3929497014877902
original-mini,L235,20,8,0.5024450825,0.5178286199483894
original-mini,L236,20,8,0.28828207375000003,0.2938341957019312
original-mini,L239,20,8,0.38742529375,0.40577271312986535
original-mini,L002,all,16,0.482961438125,0.4907685641614069
original-mini,L005,all,16,0.47702443875,0.486709642122084
original-mini,L013,all,16,0.45872693687499994,0.4768625078136899
original-mini,L019,all,16,0.40686773062500003,0.4190784460776086
original-mini,L022,all,16,0.49694657062500014,0.5079716459033617
original-mini,L025,all,16,0.299270705625,0.32008397008150463
original-mini,L031,all,16,0.48603534437499996,0.49594727525709453
original-mini,L035,all,16,0.6118951568750001,0.6173743760140571
original-mini,L037,all,16,0.3905155575,0.4051334328540137
original-mini,L039,all,16,0.44533387375000005,0.45989080898380447
original-mini,L054,all,16,0.523859574375,0.5339751029977566
original-mini,L057,all,16,0.47185290750000003,0.48211375167975346
original-mini,L066,all,16,0.5135092000000001,0.5182358160499817
original-mini,L069,all,16,0.38884499875,0.4067022052609427
original-mini,L070,all,16,0.40385884875,0.41880501485820804
original-mini,L076,all,16,0.4447959800000001,0.4533628302754228
original-mini,L079,all,16,0.48613935625000004,0.4962682662212993
original-mini,L082,all,16,0.5150930437500001,0.535061362726827
original-mini,L086,all,16,0.4924543543749999,0.4968184400110116
original-mini,L089,all,16,0.528221894375,0.5342069839517686
original-mini,L091,all,16,0.5306789756250001,0.5391722235545364
original-mini,L094,all,16,0.46162887875,0.4726940459109472
original-mini,L095,all,16,0.52430828875,0.5296740636040382
original-mini,L096,all,16,0.37254935562499986,0.39432744689230137
original-mini,L099,all,16,0.48583790875,0.5002203227618022
original-mini,L102,all,16,0.504745299375,0.5163274432469467
original-mini,L111,all,16,0.4602414325,0.4803210980543499
original-mini,L122,all,16,0.45796549249999996,0.4693687043371004
original-mini,L126,all,16,0.4576104712500001,0.4712082511706585
original-mini,L128,all,16,0.48280030375000005,0.5064098880148279
original-mini,L134,all,16,0.45223577624999994,0.47915789085738614
original-mini,L143,all,16,0.4154208887500001,0.42643433348931886
original-mini,L152,all,16,0.5212739925,0.5285639987676185
original-mini,L154,all,16,0.44358464499999994,0.46828803289455007
original-mini,L164,all,16,0.454740058125,0.46290687180113654
original-mini,L165,all,16,0.544604199375,0.5534483997614117
original-mini,L171,all,16,0.454962130625,0.46982067134187827
original-mini,L172,all,16,0.42885044312500004,0.43884287685455
original-mini,L185,all,16,0.4177878481249999,0.43120860445125536
original-mini,L187,all,16,0.45804011375,0.4733586178847821
original-mini,L193,all,16,0.5401677143750001,0.5465136784838328
original-mini,L206,all,16,0.487055880625,0.5011028363482848
original-mini,L208,all,16,0.43122435875000004,0.4439223523343227
original-mini,L211,all,16,0.49142823812500014,0.5019935172225474
original-mini,L212,all,16,0.45604262437500004,0.4692779989657506
original-mini,L235,all,16,0.48769833687499997,0.5021946734213072
original-mini,L236,all,16,0.38426003000000003,0.40148566197067675
original-mini,L239,all,16,0.45898818624999993,0.47796327836856045
improved-mini,L002,10,8,0.4680389375,0.480066997387859
improved-mini,L005,10,8,0.39921250750000004,0.4201881616792253
improved-mini,L013,10,8,0.4412351775,0.44787024279513477
improved-mini,L019,10,8,0.36569500125,0.3854519971929821
improved-mini,L022,10,8,0.4438701,0.44758295692313066
improved-mini,L025,10,8,0.30498478500000004,0.32282687941765437
improved-mini,L031,10,8,0.52104358625,0.5290151202352322
improved-mini,L035,10,8,0.6311903700000001,0.632553696400501
improved-mini,L037,10,8,0.33718338875000003,0.3504422333177034
improved-mini,L039,10,8,0.42828889625000005,0.44778089694586604
improved-mini,L054,10,8,0.5050684987499999,0.5111605616935243
improved-mini,L057,10,8,0.48289448125,0.48514157771010596
improved-mini,L066,10,8,0.51608586125,0.5224862331558103
improved-mini,L069,10,8,0.41224031,0.45062108595228334
improved-mini,L070,10,8,0.4460324,0.4502857869006797
improved-mini,L076,10,8,0.34508656874999993,0.37841326193448194
improved-mini,L079,10,8,0.474282615,0.48311976567715864
improved-mini,L082,10,8,0.485275055,0.4905052854198438
improved-mini,L086,10,8,0.48788105624999994,0.49295486188305104
improved-mini,L089,10,8,0.5583336387500001,0.5629662015969565
improved-mini,L091,10,8,0.496308975,0.511152685265736
improved-mini,L094,10,8,0.5333965125,0.5412966078237359
improved-mini,L095,10,8,0.44782845250000003,0.4502228454711663
improved-mini,L096,10,8,0.401227695,0.4112940286892538
improved-mini,L099,10,8,0.5677059325,0.5735072839058962
improved-mini,L102,10,8,0.51594674875,0.5431702112611243
improved-mini,L111,10,8,0.45713180125,0.4744142267161204
improved-mini,L122,10,8,0.45406163250000003,0.462795982940649
improved-mini,L126,10,8,0.4551320475,0.4644570516947551
improved-mini,L128,10,8,0.45383630374999995,0.4823416719611844
improved-mini,L134,10,8,0.30937482749999995,0.37525533597106614
improved-mini,L143,10,8,0.30322864625,0.33833953087150354
improved-mini,L152,10,8,0.56944475625,0.5743575217313273
improved-mini,L154,10,8,0.47937365,0.4992961993065549
improved-mini,L164,10,8,0.406393715,0.4179177806582667
improved-mini,L165,10,8,0.5179241637499999,0.5313714553393147
improved-mini,L171,10,8,0.51736225375,0.5268455490916563
improved-mini,L172,10,8,0.41673454874999993,0.42208550209228796
improved-mini,L185,10,8,0.44817861000000003,0.46427236525098386
improved-mini,L187,10,8,0.42415546375,0.44226393702966404
improved-mini,L193,10,8,0.5317997925000001,0.5650352876760935
improved-mini,L206,10,8,0.48191237375,0.5227852688352442
improved-mini,L208,10,8,0.42260931500000004,0.43165230412694905
improved-mini,L211,10,8,0.47995879374999995,0.49372669922339174
improved-mini,L212,10,8,0.5334688700000001,0.5418767259278209
improved-mini,L235,10,8,0.49795159125,0.510525315618935
improved-mini,L236,10,8,0.43648798624999996,0.44560395781710044
improved-mini,L239,10,8,0.49305107875000004,0.5040304111280112
improved-mini,L002,20,8,0.39163393874999997,0.39882748373463855
improved-mini,L005,20,8,0.34858637,0.36089871502105336
improved-mini,L013,20,8,0.36996869625000006,0.3835625127803157
improved-mini,L019,20,8,0.2567137775,0.2854127170319982
improved-mini,L022,20,8,0.32502304125000003,0.3358385547856105
improved-mini,L025,20,8,0.21230662624999996,0.22530697832453914
improved-mini,L031,20,8,0.4447771025000001,0.4596100942455196
improved-mini,L035,20,8,0.53634994375,0.5414339088130291
improved-mini,L037,20,8,0.32643139624999995,0.3503136406342975
improved-mini,L039,20,8,0.37487885125000003,0.38575372448741446
improved-mini,L054,20,8,0.46140064999999997,0.4708367120479142
improved-mini,L057,20,8,0.41081133375,0.41585573964345285
improved-mini,L066,20,8,0.41718253875,0.4192092274290167
improved-mini,L069,20,8,0.33928635749999997,0.3472312785427212
improved-mini,L070,20,8,0.39918529750000004,0.405011132323549
improved-mini,L076,20,8,0.39525515624999996,0.3999382956379506
improved-mini,L079,20,8,0.3979960975,0.41314118516390513
improved-mini,L082,20,8,0.3011610325,0.3084171497199466
improved-mini,L086,20,8,0.4157776525000001,0.4193624848395626
improved-mini,L089,20,8,0.48561014999999996,0.48773470121079665
improved-mini,L091,20,8,0.42754897625,0.4363539781829811
improved-mini,L094,20,8,0.43361124500000003,0.4431953695187236
improved-mini,L095,20,8,0.46328812500000005,0.46769761956896455
improved-mini,L096,20,8,0.23762101625000004,0.24078067189823363
improved-mini,L099,20,8,0.435219885,0.44411886532743106
improved-mini,L102,20,8,0.39979385000000006,0.41506122096433373
improved-mini,L111,20,8,0.36335106375000004,0.3731590816416216
improved-mini,L122,20,8,0.3306193525,0.34842877915891957
improved-mini,L126,20,8,0.316338895,0.33394264638353155
improved-mini,L128,20,8,0.41176430375000006,0.42829076918965947
improved-mini,L134,20,8,0.3942553150000001,0.419372611697569
improved-mini,L143,20,8,0.29788194625,0.31926889083750404
improved-mini,L152,20,8,0.51060322875,0.5178244692384457
improved-mini,L154,20,8,0.27654564,0.2913720508002155
improved-mini,L164,20,8,0.42183640125,0.42463410311831595
improved-mini,L165,20,8,0.483784235,0.49085512969461104
improved-mini,L171,20,8,0.3550620075,0.36532551148609593
improved-mini,L172,20,8,0.3097163375,0.3148280106748075
improved-mini,L185,20,8,0.35614708625,0.359586765391686
improved-mini,L187,20,8,0.34817476375,0.36952178809862296
improved-mini,L193,20,8,0.43581654875,0.4510265321692891
improved-mini,L206,20,8,0.4171993875,0.42989453692906265
improved-mini,L208,20,8,0.3273394025,0.34052268594907575
improved-mini,L211,20,8,0.39664768250000004,0.4010732001653842
improved-mini,L212,20,8,0.37236637875000006,0.37759430712650244
improved-mini,L235,20,8,0.4524450825,0.4656955864753857
improved-mini,L236,20,8,0.26953207375,0.2730130073619219
improved-mini,L239,20,8,0.38117529375,0.39313744157835184
improved-mini,L002,all,16,0.42983643812500005,0.44132056589462154
improved-mini,L005,all,16,0.3738994387500001,0.39166693357954935
improved-mini,L013,all,16,0.40560193687499996,0.4169580048348531
improved-mini,L019,all,16,0.31120438937500006,0.33914131360219607
improved-mini,L022,all,16,0.38444657062499993,0.3956753961320697
improved-mini,L025,all,16,0.258645705625,0.2783706419113509
improved-mini,L031,all,16,0.482910344375,0.49552923030325496
improved-mini,L035,all,16,0.583770156875,0.5887592277164293
improved-mini,L037,all,16,0.3318073925,0.3503779428753724
improved-mini,L039,all,16,0.40158387375,0.4179196499481428
improved-mini,L054,all,16,0.48323457437499995,0.49141241805785174
improved-mini,L057,all,16,0.4468529075,0.4518286990760182
improved-mini,L066,all,16,0.4666342,0.47367089851445426
improved-mini,L069,all,16,0.37576333375000004,0.4022616834246259
improved-mini,L070,all,16,0.42260884874999993,0.42824718749267204
improved-mini,L076,all,16,0.3701708625,0.38932456711957164
improved-mini,L079,all,16,0.43613935625,0.4494943530605189
improved-mini,L082,all,16,0.39321804375,0.4097051215607259
improved-mini,L086,all,16,0.45182935437499994,0.4576403552708995
improved-mini,L089,all,16,0.521971894375,0.5266953972201058
improved-mini,L091,all,16,0.46192897562499996,0.4752272413964114
improved-mini,L094,all,16,0.48350387875,0.49468381477683365
improved-mini,L095,all,16,0.45555828875000004,0.4590433933380534
improved-mini,L096,all,16,0.31942435562500004,0.3370000815988043
improved-mini,L099,all,16,0.50146290875,0.5129094321772818
improved-mini,L102,all,16,0.45787029937500007,0.4833785760404871
improved-mini,L111,all,16,0.41024143249999995,0.4268000461119193
improved-mini,L122,all,16,0.39234049249999997,0.40962344657757116
improved-mini,L126,all,16,0.3857354712500001,0.40449848203832656
improved-mini,L128,all,16,0.43280030374999995,0.4561175678941675
improved-mini,L134,all,16,0.35181507125,0.39792584398151226
improved-mini,L143,all,16,0.30055529625000005,0.32894244390695404
improved-mini,L152,all,16,0.5400239925,0.5468220659919596
improved-mini,L154,all,16,0.37795964500000007,0.40877522345996853
improved-mini,L164,all,16,0.414115058125,0.4212893263076028
improved-mini,L165,all,16,0.500854199375,0.5115146048242097
improved-mini,L171,all,16,0.43621213062499997,0.4533370500743715
improved-mini,L172,all,16,0.363225443125,0.3723391245772834
improved-mini,L185,all,16,0.402162848125,0.4152417795577646
improved-mini,L187,all,16,0.38616511375000007,0.4075191663447146
improved-mini,L193,all,16,0.4838081706250001,0.5112190377127306
improved-mini,L206,all,16,0.449555880625,0.4785988665848425
improved-mini,L208,all,16,0.3749743587500001,0.38876690400809394
improved-mini,L211,all,16,0.43830323812499994,0.4497920438474473
improved-mini,L212,all,16,0.45291762437500005,0.46701597771200404
improved-mini,L235,all,16,0.475198336875,0.48862484441054915
improved-mini,L236,all,16,0.3530100299999999,0.36952604063250066
improved-mini,L239,all,16,0.43711318624999995,0.451997623507383
improved-full,L002,10,8,0.2468195975,0.2893117855031051
improved-full,L005,10,8,0.18614560749999998,0.22230088948397567
improved-full,L013,10,8,0.24748517750000001,0.31010793021361605
improved-full,L019,10,8,0.30077168374999996,0.3143607338950886
improved-full,L022,10,8,0.3001201,0.34368189900408347
improved-full,L025,10,8,0.273734785,0.30261098513527346
improved-full,L031,10,8,0.17905936624999996,0.2167465292397947
improved-full,L035,10,8,0.11909254499999998,0.16551855773579333
improved-full,L037,10,8,0.23095120375,0.2500509363463766
improved-full,L039,10,8,0.15044371124999995,0.18917131896681452
improved-full,L054,10,8,0.32381849874999996,0.353516124923375
improved-full,L057,10,8,0.32115623624999995,0.37945001324028266
improved-full,L066,10,8,0.26335695625,0.34776617174812696
improved-full,L069,10,8,0.25141334249999997,0.3032826663853625
improved-full,L070,10,8,0.167150285,0.19884841685254714
improved-full,L076,10,8,0.19088412375,0.22556446181279272
improved-full,L079,10,8,0.2539164425,0.2979621968269678
improved-full,L082,10,8,0.1054709775,0.12954167196235503
improved-full,L086,10,8,0.36288105624999994,0.3767075976193445
improved-full,L089,10,8,0.09439544875,0.1716164328247885
improved-full,L091,10,8,0.21895668999999998,0.32569454789629587
improved-full,L094,10,8,0.197449855,0.26288451388676987
improved-full,L095,10,8,0.22234301249999994,0.27058062330690585
improved-full,L096,10,8,0.3199776949999999,0.33379743919095106
improved-full,L099,10,8,0.1381172375,0.17164864168736726
improved-full,L102,10,8,0.09653779375000002,0.11803362138159816
improved-full,L111,10,8,0.24310598374999998,0.3179353971495695
improved-full,L122,10,8,0.17982567249999998,0.22487728142478386
improved-full,L126,10,8,0.225996295,0.2580072421347594
improved-full,L128,10,8,0.11855618375,0.1779668340177765
improved-full,L134,10,8,0.1495790125,0.18300506256592383
improved-full,L143,10,8,0.20177465124999996,0.2160729104963162
improved-full,L152,10,8,0.15500295374999998,0.22314406449500754
improved-full,L154,10,8,0.23976733499999994,0.3213248057137373
improved-full,L164,10,8,0.20049990249999997,0.2789125158814697
improved-full,L165,10,8,0.15338634624999997,0.20662549800162927
improved-full,L171,10,8,0.20139456125000002,0.24883038444428132
improved-full,L172,10,8,0.14686904124999997,0.16700254773954448
improved-full,L185,10,8,0.40442861,0.4257296991763001
improved-full,L187,10,8,0.26303206375,0.2877159054466379
improved-full,L193,10,8,0.2223914175,0.2773091993951978
improved-full,L206,10,8,0.3069123737499999,0.32263950596778834
improved-full,L208,10,8,0.1818630625,0.21486843191382043
improved-full,L211,10,8,0.20044708875,0.23391198350239667
improved-full,L212,10,8,0.30221887,0.34316582376783183
improved-full,L235,10,8,0.22295159125000003,0.26487817225625304
improved-full,L236,10,8,0.23023798624999997,0.2760446152296114
improved-full,L239,10,8,0.16478495875000002,0.1985730746271305
improved-full,L002,20,8,0.21038747624999996,0.2217141411978572
improved-full,L005,20,8,0.18936669499999997,0.20661081924441296
improved-full,L013,20,8,0.19147023375,0.21517537431209427
improved-full,L019,20,8,0.1911000225,0.24146265558795524
improved-full,L022,20,8,0.24757470124999997,0.2814373473892324
improved-full,L025,20,8,0.15176833374999998,0.1993475410100018
improved-full,L031,20,8,0.18648692,0.22362718021827158
improved-full,L035,20,8,0.23100520374999994,0.2555214119942896
improved-full,L037,20,8,0.19173343624999997,0.20103115197514962
improved-full,L039,20,8,0.28975332125,0.3053739403680543
improved-full,L054,20,8,0.32390064999999996,0.3358916438557091
improved-full,L057,20,8,0.3420372112499999,0.3687181470234455
improved-full,L066,20,8,0.31012008875,0.33115926226912784
improved-full,L069,20,8,0.28171311749999994,0.3149812578129258
improved-full,L070,20,8,0.2192703325,0.24405183451677498
improved-full,L076,20,8,0.23797672874999998,0.25222391528716853
improved-full,L079,20,8,0.22061804999999995,0.24375615249391377
improved-full,L082,20,8,0.31133896749999995,0.32116197975690697
improved-full,L086,20,8,0.2970276524999999,0.3242819482191575
improved-full,L089,20,8,0.18461411249999998,0.22081173036137616
improved-full,L091,20,8,0.30140782375,0.34440146544565337
improved-full,L094,20,8,0.3180991274999999,0.3440226196238236
improved-full,L095,20,8,0.256495045,0.29118048715612094
improved-full,L096,20,8,0.23137101625,0.2426344224543682
improved-full,L099,20,8,0.18089790999999997,0.2195837176106755
improved-full,L102,20,8,0.104802565,0.11585889865868514
improved-full,L111,20,8,0.25469993124999996,0.297415714256356
improved-full,L122,20,8,0.20806372,0.2190161255962107
improved-full,L126,20,8,0.15640433249999997,0.18089346712536744
improved-full,L128,20,8,0.30174303124999996,0.3329055768503587
improved-full,L134,20,8,0.18034261000000001,0.1983071757199924
improved-full,L143,20,8,0.22623589624999998,0.2523934392107094
improved-full,L152,20,8,0.37060322874999996,0.3902674291970546
improved-full,L154,20,8,0.225073935,0.24525928878948372
improved-full,L164,20,8,0.27183640124999997,0.29542947662021907
improved-full,L165,20,8,0.16073856250000002,0.19610249067136667
improved-full,L171,20,8,0.22950531999999998,0.26877087889609175
improved-full,L172,20,8,0.18638601999999999,0.23314721809504116
improved-full,L185,20,8,0.33114708624999994,0.3375967894098749
improved-full,L187,20,8,0.24790259874999998,0.26595223538185125
improved-full,L193,20,8,0.17007223374999997,0.22612041779913364
improved-full,L206,20,8,0.22999787249999998,0.2762679899236485
improved-full,L208,20,8,0.10492296999999998,0.14000210452337092
improved-full,L211,20,8,0.25437149,0.2839779987356456
improved-full,L212,20,8,0.33533287375,0.3501433363986004
improved-full,L235,20,8,0.16814518249999996,0.20660372337558072
improved-full,L236,20,8,0.18490997624999997,0.21735433729005915
improved-full,L239,20,8,0.17936467875,0.21522263059625488
improved-full,L002,all,16,0.22860353687499999,0.2577386948423714
improved-full,L005,all,16,0.18775615124999998,0.2145992964739333
improved-full,L013,all,16,0.21947770562499996,0.2668963938419952
improved-full,L019,all,16,0.24593585312499996,0.28029170970494843
improved-full,L022,all,16,0.27384740062499996,0.3141052595934526
improved-full,L025,all,16,0.21275155937499995,0.25623509754839896
improved-full,L031,all,16,0.18277314312499998,0.22021372989651725
improved-full,L035,all,16,0.17504887437499997,0.21527608429931624
improved-full,L037,all,16,0.21134232,0.22686889918205555
improved-full,L039,all,16,0.22009851624999993,0.254006920550953
improved-full,L054,all,16,0.323859574375,0.3448165069953364
improved-full,L057,all,16,0.33159672375000004,0.37412256313436504
improved-full,L066,all,16,0.2867385224999999,0.33956425547971086
improved-full,L069,all,16,0.26656323,0.30918729639429554
improved-full,L070,all,16,0.19321030875,0.22260052876820358
improved-full,L076,all,16,0.21443042625,0.23926578304856255
improved-full,L079,all,16,0.23726724624999995,0.2722118041310744
improved-full,L082,all,16,0.2084049725,0.24487350001192282
improved-full,L086,all,16,0.329954354375,0.35147360928307997
improved-full,L089,all,16,0.139504780625,0.19774986761144775
improved-full,L091,all,16,0.26018225687499996,0.3351785404306831
improved-full,L094,all,16,0.25777449124999996,0.3061534177943481
improved-full,L095,all,16,0.23941902874999993,0.28106934180876936
improved-full,L096,all,16,0.275674355625,0.29179804092060097
improved-full,L099,all,16,0.15950757374999996,0.19707900095246458
improved-full,L102,all,16,0.10067017937500003,0.11695131503078095
improved-full,L111,all,16,0.2489029575,0.3078465720511379
improved-full,L122,all,16,0.19394469625,0.22196605030068967
improved-full,L126,all,16,0.19120031374999996,0.22281178541834448
improved-full,L128,all,16,0.2101496075,0.26692538012371636
improved-full,L134,all,16,0.16496081124999998,0.19080957636711746
improved-full,L143,all,16,0.21400527375,0.23493610919456287
improved-full,L152,all,16,0.26280309125,0.3178851520686599
improved-full,L154,all,16,0.23242063499999996,0.2858336487403944
improved-full,L164,all,16,0.23616815187499995,0.2872897206405301
improved-full,L165,all,16,0.15706245437499994,0.20143272235654108
improved-full,L171,all,16,0.215449940625,0.2589926114440974
improved-full,L172,all,16,0.16662753062499996,0.20278988665236183
improved-full,L185,all,16,0.367787848125,0.3841987564923905
improved-full,L187,all,16,0.25546733125,0.27704786026206946
improved-full,L193,all,16,0.196231825625,0.2530126828983681
improved-full,L206,all,16,0.268455123125,0.30035000671515866
improved-full,L208,all,16,0.14339301625,0.181340883840458
improved-full,L211,all,16,0.22740928937500002,0.2601521860295698
improved-full,L212,all,16,0.31877587187499995,0.34667213518438283
improved-full,L235,all,16,0.195548386875,0.2375347812957786
improved-full,L236,all,16,0.20757398124999993,0.24843866198325995
improved-full,L239,all,16,0.17207481875,0.2070652634891279
